period,year,sku_id,sku_name,customer,region,actuals,dp_forecast,stat_forecast,business_plan
1,2023,SKU001,Premium Olive Oil 500ml,Carrefour,FR,1878.9,1896.7,1789.0,2160.0
2,2023,SKU001,Premium Olive Oil 500ml,Carrefour,FR,1856.8,1859.3,1727.0,2160.0
3,2023,SKU001,Premium Olive Oil 500ml,Carrefour,FR,1875.2,1773.6,1851.5,2160.0
4,2023,SKU001,Premium Olive Oil 500ml,Carrefour,FR,1785.7,1900.6,1776.7,2160.0
5,2023,SKU001,Premium Olive Oil 500ml,Carrefour,FR,3222.5,2048.1,2043.9,2160.0
6,2023,SKU001,Premium Olive Oil 500ml,Carrefour,FR,1721.4,1717.4,1809.8,2160.0
7,2023,SKU001,Premium Olive Oil 500ml,Carrefour,FR,1894.4,1907.8,1823.7,2160.0
8,2023,SKU001,Premium Olive Oil 500ml,Carrefour,FR,1758.1,2007.3,1884.7,2160.0
9,2023,SKU001,Premium Olive Oil 500ml,Carrefour,FR,1880.2,1754.3,1745.0,2160.0
10,2023,SKU001,Premium Olive Oil 500ml,Carrefour,FR,1668.6,1799.7,1737.8,2160.0
11,2023,SKU001,Premium Olive Oil 500ml,Carrefour,FR,1870.5,1857.1,1884.2,2160.0
12,2023,SKU001,Premium Olive Oil 500ml,Carrefour,FR,1762.7,1734.4,1794.5,2160.0
13,2023,SKU001,Premium Olive Oil 500ml,Carrefour,FR,1693.4,1744.9,1795.6,2160.0
1,2024,SKU001,Premium Olive Oil 500ml,Carrefour,FR,1848.9,1889.9,1788.7,2160.0
2,2024,SKU001,Premium Olive Oil 500ml,Carrefour,FR,1857.7,1866.0,1766.2,2160.0
3,2024,SKU001,Premium Olive Oil 500ml,Carrefour,FR,1887.8,1744.8,1779.7,2160.0
4,2024,SKU001,Premium Olive Oil 500ml,Carrefour,FR,1852.6,1679.7,1735.2,2160.0
5,2024,SKU001,Premium Olive Oil 500ml,Carrefour,FR,2901.7,2104.2,2036.8,2160.0
6,2024,SKU001,Premium Olive Oil 500ml,Carrefour,FR,1859.1,1858.4,1850.5,2160.0
7,2024,SKU001,Premium Olive Oil 500ml,Carrefour,FR,1819.8,1658.9,1735.2,2160.0
8,2024,SKU001,Premium Olive Oil 500ml,Carrefour,FR,1848.5,1829.1,1794.8,2160.0
9,2024,SKU001,Premium Olive Oil 500ml,Carrefour,FR,1876.3,1856.1,1824.2,2160.0
10,2024,SKU001,Premium Olive Oil 500ml,Carrefour,FR,1817.1,1666.4,1764.7,2160.0
11,2024,SKU001,Premium Olive Oil 500ml,Carrefour,FR,1781.8,1743.7,1748.6,2160.0
12,2024,SKU001,Premium Olive Oil 500ml,Carrefour,FR,1901.8,1661.3,1752.1,2160.0
13,2024,SKU001,Premium Olive Oil 500ml,Carrefour,FR,1737.0,1820.4,1762.8,2160.0
1,2025,SKU001,Premium Olive Oil 500ml,Carrefour,FR,1816.4,1912.2,1851.1,2160.0
2,2025,SKU001,Premium Olive Oil 500ml,Carrefour,FR,1773.0,1788.5,1856.5,2160.0
3,2025,SKU001,Premium Olive Oil 500ml,Carrefour,FR,1662.5,1797.2,1726.2,2160.0
4,2025,SKU001,Premium Olive Oil 500ml,Carrefour,FR,1789.0,1756.6,1739.0,2160.0
5,2025,SKU001,Premium Olive Oil 500ml,Carrefour,FR,2974.8,2023.9,2018.9,2160.0
6,2025,SKU001,Premium Olive Oil 500ml,Carrefour,FR,1765.7,1814.1,1764.3,2160.0
7,2025,SKU001,Premium Olive Oil 500ml,Carrefour,FR,0.0,1758.7,1725.8,2160.0
8,2025,SKU001,Premium Olive Oil 500ml,Carrefour,FR,0.0,1821.6,1873.5,2160.0
9,2025,SKU001,Premium Olive Oil 500ml,Carrefour,FR,0.0,1830.1,1884.5,2160.0
10,2025,SKU001,Premium Olive Oil 500ml,Carrefour,FR,0.0,1775.4,1790.9,2160.0
11,2025,SKU001,Premium Olive Oil 500ml,Carrefour,FR,0.0,1795.2,1872.5,2160.0
12,2025,SKU001,Premium Olive Oil 500ml,Carrefour,FR,0.0,1808.6,1765.1,2160.0
13,2025,SKU001,Premium Olive Oil 500ml,Carrefour,FR,0.0,1827.9,1864.2,2160.0
1,2023,SKU001,Premium Olive Oil 500ml,Lidl,DE,1449.2,1429.2,1390.5,1680.0
2,2023,SKU001,Premium Olive Oil 500ml,Lidl,DE,1418.8,1352.5,1421.0,1680.0
3,2023,SKU001,Premium Olive Oil 500ml,Lidl,DE,1381.1,1348.0,1335.8,1680.0
4,2023,SKU001,Premium Olive Oil 500ml,Lidl,DE,1361.9,1288.7,1350.2,1680.0
5,2023,SKU001,Premium Olive Oil 500ml,Lidl,DE,2484.4,1592.8,1489.3,1680.0
6,2023,SKU001,Premium Olive Oil 500ml,Lidl,DE,1418.2,1409.9,1378.6,1680.0
7,2023,SKU001,Premium Olive Oil 500ml,Lidl,DE,1293.1,1475.2,1464.2,1680.0
8,2023,SKU001,Premium Olive Oil 500ml,Lidl,DE,1463.3,1352.5,1341.6,1680.0
9,2023,SKU001,Premium Olive Oil 500ml,Lidl,DE,1397.9,1490.6,1461.3,1680.0
10,2023,SKU001,Premium Olive Oil 500ml,Lidl,DE,1394.1,1348.8,1367.4,1680.0
11,2023,SKU001,Premium Olive Oil 500ml,Lidl,DE,1404.6,1312.1,1391.4,1680.0
12,2023,SKU001,Premium Olive Oil 500ml,Lidl,DE,1473.1,1396.7,1455.5,1680.0
13,2023,SKU001,Premium Olive Oil 500ml,Lidl,DE,1412.1,1391.1,1345.2,1680.0
1,2024,SKU001,Premium Olive Oil 500ml,Lidl,DE,1351.0,1481.7,1422.3,1680.0
2,2024,SKU001,Premium Olive Oil 500ml,Lidl,DE,1460.2,1436.9,1345.1,1680.0
3,2024,SKU001,Premium Olive Oil 500ml,Lidl,DE,1339.6,1358.8,1335.2,1680.0
4,2024,SKU001,Premium Olive Oil 500ml,Lidl,DE,1371.1,1523.1,1446.2,1680.0
5,2024,SKU001,Premium Olive Oil 500ml,Lidl,DE,2378.3,1578.7,1609.7,1680.0
6,2024,SKU001,Premium Olive Oil 500ml,Lidl,DE,1403.4,1462.8,1365.8,1680.0
7,2024,SKU001,Premium Olive Oil 500ml,Lidl,DE,1324.9,1337.5,1336.3,1680.0
8,2024,SKU001,Premium Olive Oil 500ml,Lidl,DE,1510.3,1520.0,1454.8,1680.0
9,2024,SKU001,Premium Olive Oil 500ml,Lidl,DE,1487.5,1473.5,1455.1,1680.0
10,2024,SKU001,Premium Olive Oil 500ml,Lidl,DE,1358.8,1485.0,1438.1,1680.0
11,2024,SKU001,Premium Olive Oil 500ml,Lidl,DE,1371.7,1403.0,1343.2,1680.0
12,2024,SKU001,Premium Olive Oil 500ml,Lidl,DE,1346.8,1422.8,1461.2,1680.0
13,2024,SKU001,Premium Olive Oil 500ml,Lidl,DE,1315.5,1390.7,1446.4,1680.0
1,2025,SKU001,Premium Olive Oil 500ml,Lidl,DE,1328.2,1502.2,1413.9,1680.0
2,2025,SKU001,Premium Olive Oil 500ml,Lidl,DE,1332.0,1440.5,1373.4,1680.0
3,2025,SKU001,Premium Olive Oil 500ml,Lidl,DE,1505.7,1344.3,1400.1,1680.0
4,2025,SKU001,Premium Olive Oil 500ml,Lidl,DE,1291.1,1305.6,1362.2,1680.0
5,2025,SKU001,Premium Olive Oil 500ml,Lidl,DE,2519.6,1497.9,1481.8,1680.0
6,2025,SKU001,Premium Olive Oil 500ml,Lidl,DE,1443.5,1366.2,1411.4,1680.0
7,2025,SKU001,Premium Olive Oil 500ml,Lidl,DE,0.0,1420.1,1430.2,1680.0
8,2025,SKU001,Premium Olive Oil 500ml,Lidl,DE,0.0,1435.9,1347.3,1680.0
9,2025,SKU001,Premium Olive Oil 500ml,Lidl,DE,0.0,1399.0,1372.1,1680.0
10,2025,SKU001,Premium Olive Oil 500ml,Lidl,DE,0.0,1382.1,1463.8,1680.0
11,2025,SKU001,Premium Olive Oil 500ml,Lidl,DE,0.0,1404.6,1333.5,1680.0
12,2025,SKU001,Premium Olive Oil 500ml,Lidl,DE,0.0,1369.8,1344.8,1680.0
13,2025,SKU001,Premium Olive Oil 500ml,Lidl,DE,0.0,1408.1,1465.3,1680.0
1,2023,SKU001,Premium Olive Oil 500ml,Tesco,NL,1176.2,1139.7,1133.5,1320.0
2,2023,SKU001,Premium Olive Oil 500ml,Tesco,NL,1150.1,1000.2,1047.0,1320.0
3,2023,SKU001,Premium Olive Oil 500ml,Tesco,NL,1158.0,1101.5,1132.6,1320.0
4,2023,SKU001,Premium Olive Oil 500ml,Tesco,NL,1105.4,1180.1,1111.7,1320.0
5,2023,SKU001,Premium Olive Oil 500ml,Tesco,NL,1956.8,1190.3,1199.4,1320.0
6,2023,SKU001,Premium Olive Oil 500ml,Tesco,NL,1087.0,1185.3,1116.7,1320.0
7,2023,SKU001,Premium Olive Oil 500ml,Tesco,NL,1091.9,1043.5,1072.3,1320.0
8,2023,SKU001,Premium Olive Oil 500ml,Tesco,NL,1143.3,1083.4,1134.8,1320.0
9,2023,SKU001,Premium Olive Oil 500ml,Tesco,NL,1023.7,1066.5,1110.4,1320.0
10,2023,SKU001,Premium Olive Oil 500ml,Tesco,NL,1157.1,1036.1,1079.1,1320.0
11,2023,SKU001,Premium Olive Oil 500ml,Tesco,NL,1174.1,1041.8,1063.2,1320.0
12,2023,SKU001,Premium Olive Oil 500ml,Tesco,NL,1039.0,997.4,1057.7,1320.0
13,2023,SKU001,Premium Olive Oil 500ml,Tesco,NL,1021.7,1008.3,1064.2,1320.0
1,2024,SKU001,Premium Olive Oil 500ml,Tesco,NL,1116.0,1114.4,1119.9,1320.0
2,2024,SKU001,Premium Olive Oil 500ml,Tesco,NL,1068.0,1169.3,1100.5,1320.0
3,2024,SKU001,Premium Olive Oil 500ml,Tesco,NL,1161.8,1013.5,1049.8,1320.0
4,2024,SKU001,Premium Olive Oil 500ml,Tesco,NL,1053.7,1093.8,1072.4,1320.0
5,2024,SKU001,Premium Olive Oil 500ml,Tesco,NL,1899.2,1146.6,1155.5,1320.0
6,2024,SKU001,Premium Olive Oil 500ml,Tesco,NL,1104.2,1116.1,1056.2,1320.0
7,2024,SKU001,Premium Olive Oil 500ml,Tesco,NL,1021.1,1093.8,1146.7,1320.0
8,2024,SKU001,Premium Olive Oil 500ml,Tesco,NL,1160.5,1232.6,1144.3,1320.0
9,2024,SKU001,Premium Olive Oil 500ml,Tesco,NL,1153.2,1164.6,1130.7,1320.0
10,2024,SKU001,Premium Olive Oil 500ml,Tesco,NL,1149.1,1075.7,1059.8,1320.0
11,2024,SKU001,Premium Olive Oil 500ml,Tesco,NL,1102.5,1144.8,1139.3,1320.0
12,2024,SKU001,Premium Olive Oil 500ml,Tesco,NL,1079.8,1090.1,1115.4,1320.0
13,2024,SKU001,Premium Olive Oil 500ml,Tesco,NL,1036.6,1095.8,1097.6,1320.0
1,2025,SKU001,Premium Olive Oil 500ml,Tesco,NL,1052.9,1076.0,1085.4,1320.0
2,2025,SKU001,Premium Olive Oil 500ml,Tesco,NL,1069.6,1125.8,1086.7,1320.0
3,2025,SKU001,Premium Olive Oil 500ml,Tesco,NL,1064.3,1227.9,1149.4,1320.0
4,2025,SKU001,Premium Olive Oil 500ml,Tesco,NL,1096.6,1097.3,1081.1,1320.0
5,2025,SKU001,Premium Olive Oil 500ml,Tesco,NL,2032.4,1293.1,1228.5,1320.0
6,2025,SKU001,Premium Olive Oil 500ml,Tesco,NL,1105.8,1092.7,1114.6,1320.0
7,2025,SKU001,Premium Olive Oil 500ml,Tesco,NL,0.0,1112.9,1067.3,1320.0
8,2025,SKU001,Premium Olive Oil 500ml,Tesco,NL,0.0,1107.5,1059.5,1320.0
9,2025,SKU001,Premium Olive Oil 500ml,Tesco,NL,0.0,1072.6,1124.8,1320.0
10,2025,SKU001,Premium Olive Oil 500ml,Tesco,NL,0.0,1130.3,1060.1,1320.0
11,2025,SKU001,Premium Olive Oil 500ml,Tesco,NL,0.0,1118.7,1110.3,1320.0
12,2025,SKU001,Premium Olive Oil 500ml,Tesco,NL,0.0,1083.7,1149.1,1320.0
13,2025,SKU001,Premium Olive Oil 500ml,Tesco,NL,0.0,1107.7,1055.5,1320.0
1,2023,SKU001,Premium Olive Oil 500ml,Albert Heijn,NL,852.7,924.0,905.8,1080.0
2,2023,SKU001,Premium Olive Oil 500ml,Albert Heijn,NL,895.1,944.3,902.0,1080.0
3,2023,SKU001,Premium Olive Oil 500ml,Albert Heijn,NL,943.1,920.8,899.3,1080.0
4,2023,SKU001,Premium Olive Oil 500ml,Albert Heijn,NL,962.1,828.0,865.8,1080.0
5,2023,SKU001,Premium Olive Oil 500ml,Albert Heijn,NL,1471.1,1004.2,1005.6,1080.0
6,2023,SKU001,Premium Olive Oil 500ml,Albert Heijn,NL,939.5,903.2,915.4,1080.0
7,2023,SKU001,Premium Olive Oil 500ml,Albert Heijn,NL,957.4,903.2,923.6,1080.0
8,2023,SKU001,Premium Olive Oil 500ml,Albert Heijn,NL,880.4,849.8,883.3,1080.0
9,2023,SKU001,Premium Olive Oil 500ml,Albert Heijn,NL,849.3,940.5,939.3,1080.0
10,2023,SKU001,Premium Olive Oil 500ml,Albert Heijn,NL,883.2,936.7,920.7,1080.0
11,2023,SKU001,Premium Olive Oil 500ml,Albert Heijn,NL,962.8,931.8,925.2,1080.0
12,2023,SKU001,Premium Olive Oil 500ml,Albert Heijn,NL,882.2,982.0,943.8,1080.0
13,2023,SKU001,Premium Olive Oil 500ml,Albert Heijn,NL,965.0,916.8,865.7,1080.0
1,2024,SKU001,Premium Olive Oil 500ml,Albert Heijn,NL,919.7,885.4,866.0,1080.0
2,2024,SKU001,Premium Olive Oil 500ml,Albert Heijn,NL,926.8,859.2,856.1,1080.0
3,2024,SKU001,Premium Olive Oil 500ml,Albert Heijn,NL,946.9,885.3,881.6,1080.0
4,2024,SKU001,Premium Olive Oil 500ml,Albert Heijn,NL,891.7,942.7,882.2,1080.0
5,2024,SKU001,Premium Olive Oil 500ml,Albert Heijn,NL,1645.9,1027.1,951.4,1080.0
6,2024,SKU001,Premium Olive Oil 500ml,Albert Heijn,NL,954.6,930.9,880.6,1080.0
7,2024,SKU001,Premium Olive Oil 500ml,Albert Heijn,NL,843.3,976.3,944.9,1080.0
8,2024,SKU001,Premium Olive Oil 500ml,Albert Heijn,NL,921.6,919.7,863.1,1080.0
9,2024,SKU001,Premium Olive Oil 500ml,Albert Heijn,NL,832.2,841.7,876.7,1080.0
10,2024,SKU001,Premium Olive Oil 500ml,Albert Heijn,NL,939.9,931.7,872.8,1080.0
11,2024,SKU001,Premium Olive Oil 500ml,Albert Heijn,NL,922.5,807.5,858.3,1080.0
12,2024,SKU001,Premium Olive Oil 500ml,Albert Heijn,NL,835.4,957.0,909.5,1080.0
13,2024,SKU001,Premium Olive Oil 500ml,Albert Heijn,NL,862.4,883.0,931.4,1080.0
1,2025,SKU001,Premium Olive Oil 500ml,Albert Heijn,NL,943.3,983.6,938.5,1080.0
2,2025,SKU001,Premium Olive Oil 500ml,Albert Heijn,NL,928.5,879.8,930.4,1080.0
3,2025,SKU001,Premium Olive Oil 500ml,Albert Heijn,NL,857.1,875.4,866.2,1080.0
4,2025,SKU001,Premium Olive Oil 500ml,Albert Heijn,NL,935.3,965.6,911.7,1080.0
5,2025,SKU001,Premium Olive Oil 500ml,Albert Heijn,NL,1488.1,979.8,1013.2,1080.0
6,2025,SKU001,Premium Olive Oil 500ml,Albert Heijn,NL,867.0,989.9,918.9,1080.0
7,2025,SKU001,Premium Olive Oil 500ml,Albert Heijn,NL,0.0,906.3,859.9,1080.0
8,2025,SKU001,Premium Olive Oil 500ml,Albert Heijn,NL,0.0,911.3,934.6,1080.0
9,2025,SKU001,Premium Olive Oil 500ml,Albert Heijn,NL,0.0,882.9,863.3,1080.0
10,2025,SKU001,Premium Olive Oil 500ml,Albert Heijn,NL,0.0,915.3,896.3,1080.0
11,2025,SKU001,Premium Olive Oil 500ml,Albert Heijn,NL,0.0,880.8,906.5,1080.0
12,2025,SKU001,Premium Olive Oil 500ml,Albert Heijn,NL,0.0,904.2,882.1,1080.0
13,2025,SKU001,Premium Olive Oil 500ml,Albert Heijn,NL,0.0,923.8,913.4,1080.0
1,2023,SKU002,Greek Yoghurt 1kg,Carrefour,FR,1981.9,2090.8,2102.1,2415.0
2,2023,SKU002,Greek Yoghurt 1kg,Carrefour,FR,2091.3,1906.7,2004.0,2415.0
3,2023,SKU002,Greek Yoghurt 1kg,Carrefour,FR,2025.4,2047.7,2050.8,2415.0
4,2023,SKU002,Greek Yoghurt 1kg,Carrefour,FR,2137.3,2125.1,2133.9,2415.0
5,2023,SKU002,Greek Yoghurt 1kg,Carrefour,FR,2069.4,2077.8,2028.8,2415.0
6,2023,SKU002,Greek Yoghurt 1kg,Carrefour,FR,2038.5,1977.0,1983.1,2415.0
7,2023,SKU002,Greek Yoghurt 1kg,Carrefour,FR,2091.3,2074.7,2030.8,2415.0
8,2023,SKU002,Greek Yoghurt 1kg,Carrefour,FR,5093.0,2223.3,2150.9,2415.0
9,2023,SKU002,Greek Yoghurt 1kg,Carrefour,FR,2151.2,2168.7,2053.7,2415.0
10,2023,SKU002,Greek Yoghurt 1kg,Carrefour,FR,2116.5,2145.5,2082.7,2415.0
11,2023,SKU002,Greek Yoghurt 1kg,Carrefour,FR,2053.2,2203.9,2103.2,2415.0
12,2023,SKU002,Greek Yoghurt 1kg,Carrefour,FR,2229.8,2229.4,2206.1,2415.0
13,2023,SKU002,Greek Yoghurt 1kg,Carrefour,FR,2106.8,2132.8,2175.6,2415.0
1,2024,SKU002,Greek Yoghurt 1kg,Carrefour,FR,2213.4,1990.5,2098.5,2415.0
2,2024,SKU002,Greek Yoghurt 1kg,Carrefour,FR,1956.2,2052.6,2186.2,2415.0
3,2024,SKU002,Greek Yoghurt 1kg,Carrefour,FR,2026.3,1971.1,2058.2,2415.0
4,2024,SKU002,Greek Yoghurt 1kg,Carrefour,FR,2037.5,2015.0,2161.2,2415.0
5,2024,SKU002,Greek Yoghurt 1kg,Carrefour,FR,2209.9,2167.0,2189.9,2415.0
6,2024,SKU002,Greek Yoghurt 1kg,Carrefour,FR,1983.6,2017.3,2125.4,2415.0
7,2024,SKU002,Greek Yoghurt 1kg,Carrefour,FR,2054.6,2413.3,2215.5,2415.0
8,2024,SKU002,Greek Yoghurt 1kg,Carrefour,FR,2191.4,2134.6,2052.4,2415.0
9,2024,SKU002,Greek Yoghurt 1kg,Carrefour,FR,2169.0,2139.1,2071.7,2415.0
10,2024,SKU002,Greek Yoghurt 1kg,Carrefour,FR,1935.6,2055.1,2026.7,2415.0
11,2024,SKU002,Greek Yoghurt 1kg,Carrefour,FR,1987.0,2144.4,2015.8,2415.0
12,2024,SKU002,Greek Yoghurt 1kg,Carrefour,FR,2264.3,2249.9,2114.1,2415.0
13,2024,SKU002,Greek Yoghurt 1kg,Carrefour,FR,2264.7,2013.2,2009.7,2415.0
1,2025,SKU002,Greek Yoghurt 1kg,Carrefour,FR,2063.9,2095.6,1994.2,2415.0
2,2025,SKU002,Greek Yoghurt 1kg,Carrefour,FR,2077.7,1996.3,2092.3,2415.0
3,2025,SKU002,Greek Yoghurt 1kg,Carrefour,FR,1992.8,2064.2,2202.6,2415.0
4,2025,SKU002,Greek Yoghurt 1kg,Carrefour,FR,2010.2,2064.9,2047.6,2415.0
5,2025,SKU002,Greek Yoghurt 1kg,Carrefour,FR,2129.0,1979.7,2098.3,2415.0
6,2025,SKU002,Greek Yoghurt 1kg,Carrefour,FR,2013.9,2256.6,2186.6,2415.0
7,2025,SKU002,Greek Yoghurt 1kg,Carrefour,FR,0.0,2199.2,2142.9,2415.0
8,2025,SKU002,Greek Yoghurt 1kg,Carrefour,FR,0.0,2398.6,2389.2,2415.0
9,2025,SKU002,Greek Yoghurt 1kg,Carrefour,FR,0.0,2183.0,2186.8,2415.0
10,2025,SKU002,Greek Yoghurt 1kg,Carrefour,FR,0.0,2189.7,2188.7,2415.0
11,2025,SKU002,Greek Yoghurt 1kg,Carrefour,FR,0.0,2196.3,2122.0,2415.0
12,2025,SKU002,Greek Yoghurt 1kg,Carrefour,FR,0.0,2106.3,2099.7,2415.0
13,2025,SKU002,Greek Yoghurt 1kg,Carrefour,FR,0.0,2161.0,2074.4,2415.0
1,2023,SKU002,Greek Yoghurt 1kg,Lidl,DE,1735.6,1608.4,1634.2,1955.0
2,2023,SKU002,Greek Yoghurt 1kg,Lidl,DE,1616.1,1728.8,1603.1,1955.0
3,2023,SKU002,Greek Yoghurt 1kg,Lidl,DE,1685.9,1703.5,1660.7,1955.0
4,2023,SKU002,Greek Yoghurt 1kg,Lidl,DE,1566.0,1725.0,1654.7,1955.0
5,2023,SKU002,Greek Yoghurt 1kg,Lidl,DE,1736.4,1850.9,1798.3,1955.0
6,2023,SKU002,Greek Yoghurt 1kg,Lidl,DE,1693.9,1884.0,1753.3,1955.0
7,2023,SKU002,Greek Yoghurt 1kg,Lidl,DE,1760.0,1893.4,1794.5,1955.0
8,2023,SKU002,Greek Yoghurt 1kg,Lidl,DE,4319.4,1697.8,1621.3,1955.0
9,2023,SKU002,Greek Yoghurt 1kg,Lidl,DE,1683.7,1770.1,1710.8,1955.0
10,2023,SKU002,Greek Yoghurt 1kg,Lidl,DE,1827.8,1755.9,1798.9,1955.0
11,2023,SKU002,Greek Yoghurt 1kg,Lidl,DE,1763.6,1725.5,1751.0,1955.0
12,2023,SKU002,Greek Yoghurt 1kg,Lidl,DE,1597.7,1693.7,1606.4,1955.0
13,2023,SKU002,Greek Yoghurt 1kg,Lidl,DE,1697.2,1807.0,1799.1,1955.0
1,2024,SKU002,Greek Yoghurt 1kg,Lidl,DE,1830.0,1777.9,1682.0,1955.0
2,2024,SKU002,Greek Yoghurt 1kg,Lidl,DE,1587.1,1811.1,1711.3,1955.0
3,2024,SKU002,Greek Yoghurt 1kg,Lidl,DE,1815.5,1652.6,1765.8,1955.0
4,2024,SKU002,Greek Yoghurt 1kg,Lidl,DE,1665.4,1523.5,1607.9,1955.0
5,2024,SKU002,Greek Yoghurt 1kg,Lidl,DE,1747.7,1837.3,1743.5,1955.0
6,2024,SKU002,Greek Yoghurt 1kg,Lidl,DE,1799.4,1850.5,1748.8,1955.0
7,2024,SKU002,Greek Yoghurt 1kg,Lidl,DE,1577.3,1694.4,1645.8,1955.0
8,2024,SKU002,Greek Yoghurt 1kg,Lidl,DE,1797.4,1618.6,1598.9,1955.0
9,2024,SKU002,Greek Yoghurt 1kg,Lidl,DE,1748.2,1594.7,1604.0,1955.0
10,2024,SKU002,Greek Yoghurt 1kg,Lidl,DE,1807.6,1679.5,1735.0,1955.0
11,2024,SKU002,Greek Yoghurt 1kg,Lidl,DE,1796.0,1780.0,1669.0,1955.0
12,2024,SKU002,Greek Yoghurt 1kg,Lidl,DE,1645.3,1707.2,1718.4,1955.0
13,2024,SKU002,Greek Yoghurt 1kg,Lidl,DE,1638.8,1707.8,1778.9,1955.0
1,2025,SKU002,Greek Yoghurt 1kg,Lidl,DE,1587.1,1742.6,1667.8,1955.0
2,2025,SKU002,Greek Yoghurt 1kg,Lidl,DE,1783.6,1761.0,1801.7,1955.0
3,2025,SKU002,Greek Yoghurt 1kg,Lidl,DE,1675.0,1661.6,1625.9,1955.0
4,2025,SKU002,Greek Yoghurt 1kg,Lidl,DE,1835.3,1784.9,1741.0,1955.0
5,2025,SKU002,Greek Yoghurt 1kg,Lidl,DE,1670.7,1801.7,1784.7,1955.0
6,2025,SKU002,Greek Yoghurt 1kg,Lidl,DE,1600.5,1573.4,1672.5,1955.0
7,2025,SKU002,Greek Yoghurt 1kg,Lidl,DE,0.0,1594.1,1601.6,1955.0
8,2025,SKU002,Greek Yoghurt 1kg,Lidl,DE,0.0,1915.1,1930.5,1955.0
9,2025,SKU002,Greek Yoghurt 1kg,Lidl,DE,0.0,1758.6,1751.4,1955.0
10,2025,SKU002,Greek Yoghurt 1kg,Lidl,DE,0.0,1733.8,1781.0,1955.0
11,2025,SKU002,Greek Yoghurt 1kg,Lidl,DE,0.0,1788.7,1783.4,1955.0
12,2025,SKU002,Greek Yoghurt 1kg,Lidl,DE,0.0,1744.9,1718.5,1955.0
13,2025,SKU002,Greek Yoghurt 1kg,Lidl,DE,0.0,1618.0,1647.2,1955.0
1,2023,SKU002,Greek Yoghurt 1kg,Tesco,NL,1228.3,1324.9,1358.4,1495.0
2,2023,SKU002,Greek Yoghurt 1kg,Tesco,NL,1312.8,1420.1,1345.5,1495.0
3,2023,SKU002,Greek Yoghurt 1kg,Tesco,NL,1287.2,1411.9,1296.3,1495.0
4,2023,SKU002,Greek Yoghurt 1kg,Tesco,NL,1336.3,1449.5,1349.1,1495.0
5,2023,SKU002,Greek Yoghurt 1kg,Tesco,NL,1359.8,1275.9,1250.9,1495.0
6,2023,SKU002,Greek Yoghurt 1kg,Tesco,NL,1217.2,1433.6,1323.9,1495.0
7,2023,SKU002,Greek Yoghurt 1kg,Tesco,NL,1302.6,1206.6,1289.5,1495.0
8,2023,SKU002,Greek Yoghurt 1kg,Tesco,NL,3349.5,1159.6,1238.1,1495.0
9,2023,SKU002,Greek Yoghurt 1kg,Tesco,NL,1247.2,1235.7,1232.2,1495.0
10,2023,SKU002,Greek Yoghurt 1kg,Tesco,NL,1303.3,1192.2,1270.8,1495.0
11,2023,SKU002,Greek Yoghurt 1kg,Tesco,NL,1219.2,1204.7,1282.0,1495.0
12,2023,SKU002,Greek Yoghurt 1kg,Tesco,NL,1341.2,1227.1,1254.3,1495.0
13,2023,SKU002,Greek Yoghurt 1kg,Tesco,NL,1278.0,1197.3,1287.0,1495.0
1,2024,SKU002,Greek Yoghurt 1kg,Tesco,NL,1219.3,1261.9,1356.6,1495.0
2,2024,SKU002,Greek Yoghurt 1kg,Tesco,NL,1301.7,1276.7,1298.4,1495.0
3,2024,SKU002,Greek Yoghurt 1kg,Tesco,NL,1285.7,1430.6,1343.8,1495.0
4,2024,SKU002,Greek Yoghurt 1kg,Tesco,NL,1250.2,1232.6,1272.3,1495.0
5,2024,SKU002,Greek Yoghurt 1kg,Tesco,NL,1295.8,1284.1,1328.6,1495.0
6,2024,SKU002,Greek Yoghurt 1kg,Tesco,NL,1264.8,1282.0,1367.1,1495.0
7,2024,SKU002,Greek Yoghurt 1kg,Tesco,NL,1291.8,1271.8,1333.0,1495.0
8,2024,SKU002,Greek Yoghurt 1kg,Tesco,NL,1205.9,1339.4,1243.6,1495.0
9,2024,SKU002,Greek Yoghurt 1kg,Tesco,NL,1197.9,1170.1,1251.4,1495.0
10,2024,SKU002,Greek Yoghurt 1kg,Tesco,NL,1219.0,1277.4,1318.7,1495.0
11,2024,SKU002,Greek Yoghurt 1kg,Tesco,NL,1314.4,1400.7,1314.1,1495.0
12,2024,SKU002,Greek Yoghurt 1kg,Tesco,NL,1197.0,1394.5,1355.1,1495.0
13,2024,SKU002,Greek Yoghurt 1kg,Tesco,NL,1229.9,1432.4,1342.6,1495.0
1,2025,SKU002,Greek Yoghurt 1kg,Tesco,NL,1248.9,1369.0,1365.3,1495.0
2,2025,SKU002,Greek Yoghurt 1kg,Tesco,NL,1321.5,1358.9,1375.6,1495.0
3,2025,SKU002,Greek Yoghurt 1kg,Tesco,NL,1365.1,1345.3,1271.7,1495.0
4,2025,SKU002,Greek Yoghurt 1kg,Tesco,NL,1321.0,1251.1,1255.8,1495.0
5,2025,SKU002,Greek Yoghurt 1kg,Tesco,NL,1262.1,1153.7,1234.2,1495.0
6,2025,SKU002,Greek Yoghurt 1kg,Tesco,NL,1268.1,1171.7,1225.0,1495.0
7,2025,SKU002,Greek Yoghurt 1kg,Tesco,NL,0.0,1364.3,1332.5,1495.0
8,2025,SKU002,Greek Yoghurt 1kg,Tesco,NL,0.0,1556.1,1541.6,1495.0
9,2025,SKU002,Greek Yoghurt 1kg,Tesco,NL,0.0,1268.4,1244.4,1495.0
10,2025,SKU002,Greek Yoghurt 1kg,Tesco,NL,0.0,1365.1,1301.1,1495.0
11,2025,SKU002,Greek Yoghurt 1kg,Tesco,NL,0.0,1285.0,1224.6,1495.0
12,2025,SKU002,Greek Yoghurt 1kg,Tesco,NL,0.0,1291.1,1241.8,1495.0
13,2025,SKU002,Greek Yoghurt 1kg,Tesco,NL,0.0,1321.5,1305.6,1495.0
1,2023,SKU002,Greek Yoghurt 1kg,Albert Heijn,NL,1060.1,1066.9,1040.7,1265.0
2,2023,SKU002,Greek Yoghurt 1kg,Albert Heijn,NL,1063.9,1193.2,1121.6,1265.0
3,2023,SKU002,Greek Yoghurt 1kg,Albert Heijn,NL,1015.2,1075.9,1112.6,1265.0
4,2023,SKU002,Greek Yoghurt 1kg,Albert Heijn,NL,1165.8,1097.1,1067.5,1265.0
5,2023,SKU002,Greek Yoghurt 1kg,Albert Heijn,NL,1109.4,1128.0,1086.3,1265.0
6,2023,SKU002,Greek Yoghurt 1kg,Albert Heijn,NL,1139.7,1165.7,1108.8,1265.0
7,2023,SKU002,Greek Yoghurt 1kg,Albert Heijn,NL,1185.1,1102.7,1089.3,1265.0
8,2023,SKU002,Greek Yoghurt 1kg,Albert Heijn,NL,2434.1,1154.2,1139.1,1265.0
9,2023,SKU002,Greek Yoghurt 1kg,Albert Heijn,NL,1083.8,1122.1,1046.4,1265.0
10,2023,SKU002,Greek Yoghurt 1kg,Albert Heijn,NL,1081.5,1072.3,1124.1,1265.0
11,2023,SKU002,Greek Yoghurt 1kg,Albert Heijn,NL,1181.2,1017.3,1057.6,1265.0
12,2023,SKU002,Greek Yoghurt 1kg,Albert Heijn,NL,1163.2,1112.9,1154.5,1265.0
13,2023,SKU002,Greek Yoghurt 1kg,Albert Heijn,NL,1094.7,1210.6,1130.8,1265.0
1,2024,SKU002,Greek Yoghurt 1kg,Albert Heijn,NL,1078.7,1155.8,1102.2,1265.0
2,2024,SKU002,Greek Yoghurt 1kg,Albert Heijn,NL,1140.7,1161.5,1137.4,1265.0
3,2024,SKU002,Greek Yoghurt 1kg,Albert Heijn,NL,1030.4,1232.3,1153.3,1265.0
4,2024,SKU002,Greek Yoghurt 1kg,Albert Heijn,NL,1152.5,1008.1,1047.2,1265.0
5,2024,SKU002,Greek Yoghurt 1kg,Albert Heijn,NL,1142.9,1127.0,1037.1,1265.0
6,2024,SKU002,Greek Yoghurt 1kg,Albert Heijn,NL,1078.4,1210.2,1128.9,1265.0
7,2024,SKU002,Greek Yoghurt 1kg,Albert Heijn,NL,1081.5,1105.6,1076.1,1265.0
8,2024,SKU002,Greek Yoghurt 1kg,Albert Heijn,NL,1114.3,1116.6,1088.0,1265.0
9,2024,SKU002,Greek Yoghurt 1kg,Albert Heijn,NL,1176.6,1053.5,1095.7,1265.0
10,2024,SKU002,Greek Yoghurt 1kg,Albert Heijn,NL,1078.4,1032.8,1086.0,1265.0
11,2024,SKU002,Greek Yoghurt 1kg,Albert Heijn,NL,1040.7,1106.8,1124.4,1265.0
12,2024,SKU002,Greek Yoghurt 1kg,Albert Heijn,NL,1180.1,1008.4,1066.2,1265.0
13,2024,SKU002,Greek Yoghurt 1kg,Albert Heijn,NL,1144.6,1121.0,1150.3,1265.0
1,2025,SKU002,Greek Yoghurt 1kg,Albert Heijn,NL,1047.6,1072.8,1058.5,1265.0
2,2025,SKU002,Greek Yoghurt 1kg,Albert Heijn,NL,1094.4,1001.1,1068.2,1265.0
3,2025,SKU002,Greek Yoghurt 1kg,Albert Heijn,NL,1096.7,1200.5,1160.6,1265.0
4,2025,SKU002,Greek Yoghurt 1kg,Albert Heijn,NL,1099.2,1017.6,1048.6,1265.0
5,2025,SKU002,Greek Yoghurt 1kg,Albert Heijn,NL,1063.9,1214.8,1135.0,1265.0
6,2025,SKU002,Greek Yoghurt 1kg,Albert Heijn,NL,1170.7,1265.5,1164.0,1265.0
7,2025,SKU002,Greek Yoghurt 1kg,Albert Heijn,NL,0.0,1005.7,1043.5,1265.0
8,2025,SKU002,Greek Yoghurt 1kg,Albert Heijn,NL,0.0,1219.2,1270.4,1265.0
9,2025,SKU002,Greek Yoghurt 1kg,Albert Heijn,NL,0.0,1120.1,1115.4,1265.0
10,2025,SKU002,Greek Yoghurt 1kg,Albert Heijn,NL,0.0,1031.1,1067.4,1265.0
11,2025,SKU002,Greek Yoghurt 1kg,Albert Heijn,NL,0.0,1137.2,1111.1,1265.0
12,2025,SKU002,Greek Yoghurt 1kg,Albert Heijn,NL,0.0,1072.7,1083.0,1265.0
13,2025,SKU002,Greek Yoghurt 1kg,Albert Heijn,NL,0.0,1102.7,1136.0,1265.0
1,2023,SKU003,Sparkling Water 6-pack,Carrefour,FR,1698.9,1615.7,1539.3,2000.0
2,2023,SKU003,Sparkling Water 6-pack,Carrefour,FR,1510.5,1632.1,1562.3,2000.0
3,2023,SKU003,Sparkling Water 6-pack,Carrefour,FR,1528.2,1594.1,1586.2,2000.0
4,2023,SKU003,Sparkling Water 6-pack,Carrefour,FR,1542.9,1707.3,1633.6,2000.0
5,2023,SKU003,Sparkling Water 6-pack,Carrefour,FR,1683.9,1594.9,1574.3,2000.0
6,2023,SKU003,Sparkling Water 6-pack,Carrefour,FR,1543.6,1522.0,1559.2,2000.0
7,2023,SKU003,Sparkling Water 6-pack,Carrefour,FR,1698.6,1724.8,1662.1,2000.0
8,2023,SKU003,Sparkling Water 6-pack,Carrefour,FR,1604.0,1619.2,1598.5,2000.0
9,2023,SKU003,Sparkling Water 6-pack,Carrefour,FR,1608.2,1546.9,1589.5,2000.0
10,2023,SKU003,Sparkling Water 6-pack,Carrefour,FR,1516.1,1686.1,1672.4,2000.0
11,2023,SKU003,Sparkling Water 6-pack,Carrefour,FR,1701.5,1570.1,1546.2,2000.0
12,2023,SKU003,Sparkling Water 6-pack,Carrefour,FR,1534.5,1502.8,1560.5,2000.0
13,2023,SKU003,Sparkling Water 6-pack,Carrefour,FR,1514.6,1653.6,1666.7,2000.0
1,2024,SKU003,Sparkling Water 6-pack,Carrefour,FR,1916.6,1722.1,1722.0,2080.0
2,2024,SKU003,Sparkling Water 6-pack,Carrefour,FR,1896.4,1772.5,1674.0,2080.0
3,2024,SKU003,Sparkling Water 6-pack,Carrefour,FR,1972.1,1782.0,1769.8,2080.0
4,2024,SKU003,Sparkling Water 6-pack,Carrefour,FR,1796.2,1790.1,1800.7,2080.0
5,2024,SKU003,Sparkling Water 6-pack,Carrefour,FR,1769.1,1767.9,1700.8,2080.0
6,2024,SKU003,Sparkling Water 6-pack,Carrefour,FR,1920.4,1841.0,1771.3,2080.0
7,2024,SKU003,Sparkling Water 6-pack,Carrefour,FR,1811.9,1808.0,1801.2,2080.0
8,2024,SKU003,Sparkling Water 6-pack,Carrefour,FR,1924.7,1739.4,1642.0,2080.0
9,2024,SKU003,Sparkling Water 6-pack,Carrefour,FR,1830.1,1661.9,1652.3,2080.0
10,2024,SKU003,Sparkling Water 6-pack,Carrefour,FR,1789.9,1706.6,1667.9,2080.0
11,2024,SKU003,Sparkling Water 6-pack,Carrefour,FR,1859.7,1786.3,1800.9,2080.0
12,2024,SKU003,Sparkling Water 6-pack,Carrefour,FR,1947.8,1766.0,1721.3,2080.0
13,2024,SKU003,Sparkling Water 6-pack,Carrefour,FR,1914.4,1818.1,1723.3,2080.0
1,2025,SKU003,Sparkling Water 6-pack,Carrefour,FR,2159.4,1973.4,1920.0,2320.0
2,2025,SKU003,Sparkling Water 6-pack,Carrefour,FR,2315.0,1902.2,1892.8,2320.0
3,2025,SKU003,Sparkling Water 6-pack,Carrefour,FR,2329.3,2153.8,2033.5,2320.0
4,2025,SKU003,Sparkling Water 6-pack,Carrefour,FR,2217.7,1996.0,2015.7,2320.0
5,2025,SKU003,Sparkling Water 6-pack,Carrefour,FR,2346.3,2023.8,1957.5,2320.0
6,2025,SKU003,Sparkling Water 6-pack,Carrefour,FR,2178.1,2060.1,1996.3,2320.0
7,2025,SKU003,Sparkling Water 6-pack,Carrefour,FR,0.0,2066.8,2064.8,2320.0
8,2025,SKU003,Sparkling Water 6-pack,Carrefour,FR,0.0,1953.5,1952.7,2320.0
9,2025,SKU003,Sparkling Water 6-pack,Carrefour,FR,0.0,1880.4,1909.8,2320.0
10,2025,SKU003,Sparkling Water 6-pack,Carrefour,FR,0.0,2041.4,2014.9,2320.0
11,2025,SKU003,Sparkling Water 6-pack,Carrefour,FR,0.0,1929.9,1949.6,2320.0
12,2025,SKU003,Sparkling Water 6-pack,Carrefour,FR,0.0,2039.7,2055.5,2320.0
13,2025,SKU003,Sparkling Water 6-pack,Carrefour,FR,0.0,1898.6,1910.5,2320.0
1,2023,SKU003,Sparkling Water 6-pack,Lidl,DE,1234.2,1306.8,1271.9,1625.0
2,2023,SKU003,Sparkling Water 6-pack,Lidl,DE,1374.7,1279.2,1261.3,1625.0
3,2023,SKU003,Sparkling Water 6-pack,Lidl,DE,1336.7,1387.4,1358.9,1625.0
4,2023,SKU003,Sparkling Water 6-pack,Lidl,DE,1255.4,1305.8,1316.3,1625.0
5,2023,SKU003,Sparkling Water 6-pack,Lidl,DE,1386.7,1323.7,1287.0,1625.0
6,2023,SKU003,Sparkling Water 6-pack,Lidl,DE,1213.2,1348.1,1287.0,1625.0
7,2023,SKU003,Sparkling Water 6-pack,Lidl,DE,1320.1,1362.0,1292.7,1625.0
8,2023,SKU003,Sparkling Water 6-pack,Lidl,DE,1364.4,1295.4,1276.9,1625.0
9,2023,SKU003,Sparkling Water 6-pack,Lidl,DE,1298.1,1308.5,1317.2,1625.0
10,2023,SKU003,Sparkling Water 6-pack,Lidl,DE,1253.4,1424.5,1353.6,1625.0
11,2023,SKU003,Sparkling Water 6-pack,Lidl,DE,1362.5,1409.2,1362.2,1625.0
12,2023,SKU003,Sparkling Water 6-pack,Lidl,DE,1348.2,1344.9,1334.1,1625.0
13,2023,SKU003,Sparkling Water 6-pack,Lidl,DE,1292.1,1297.2,1266.2,1625.0
1,2024,SKU003,Sparkling Water 6-pack,Lidl,DE,1488.8,1395.5,1370.0,1690.0
2,2024,SKU003,Sparkling Water 6-pack,Lidl,DE,1514.7,1421.3,1364.5,1690.0
3,2024,SKU003,Sparkling Water 6-pack,Lidl,DE,1611.4,1304.0,1357.3,1690.0
4,2024,SKU003,Sparkling Water 6-pack,Lidl,DE,1498.8,1509.3,1445.8,1690.0
5,2024,SKU003,Sparkling Water 6-pack,Lidl,DE,1456.3,1401.5,1442.5,1690.0
6,2024,SKU003,Sparkling Water 6-pack,Lidl,DE,1510.4,1443.4,1474.0,1690.0
7,2024,SKU003,Sparkling Water 6-pack,Lidl,DE,1459.7,1423.8,1393.2,1690.0
8,2024,SKU003,Sparkling Water 6-pack,Lidl,DE,1627.0,1422.9,1471.5,1690.0
9,2024,SKU003,Sparkling Water 6-pack,Lidl,DE,1456.3,1426.1,1444.8,1690.0
10,2024,SKU003,Sparkling Water 6-pack,Lidl,DE,1616.7,1385.8,1426.9,1690.0
11,2024,SKU003,Sparkling Water 6-pack,Lidl,DE,1605.4,1361.8,1358.6,1690.0
12,2024,SKU003,Sparkling Water 6-pack,Lidl,DE,1545.2,1444.3,1404.1,1690.0
13,2024,SKU003,Sparkling Water 6-pack,Lidl,DE,1566.8,1561.4,1473.1,1690.0
1,2025,SKU003,Sparkling Water 6-pack,Lidl,DE,1798.1,1597.4,1546.7,1885.0
2,2025,SKU003,Sparkling Water 6-pack,Lidl,DE,1913.7,1592.4,1582.7,1885.0
3,2025,SKU003,Sparkling Water 6-pack,Lidl,DE,1775.1,1581.6,1539.7,1885.0
4,2025,SKU003,Sparkling Water 6-pack,Lidl,DE,1757.2,1730.0,1658.3,1885.0
5,2025,SKU003,Sparkling Water 6-pack,Lidl,DE,1874.7,1586.1,1598.6,1885.0
6,2025,SKU003,Sparkling Water 6-pack,Lidl,DE,1856.5,1675.8,1660.6,1885.0
7,2025,SKU003,Sparkling Water 6-pack,Lidl,DE,0.0,1591.8,1554.6,1885.0
8,2025,SKU003,Sparkling Water 6-pack,Lidl,DE,0.0,1566.5,1556.1,1885.0
9,2025,SKU003,Sparkling Water 6-pack,Lidl,DE,0.0,1509.1,1539.9,1885.0
10,2025,SKU003,Sparkling Water 6-pack,Lidl,DE,0.0,1626.1,1656.3,1885.0
11,2025,SKU003,Sparkling Water 6-pack,Lidl,DE,0.0,1644.8,1664.1,1885.0
12,2025,SKU003,Sparkling Water 6-pack,Lidl,DE,0.0,1705.5,1670.2,1885.0
13,2025,SKU003,Sparkling Water 6-pack,Lidl,DE,0.0,1637.9,1663.5,1885.0
1,2023,SKU003,Sparkling Water 6-pack,Tesco,NL,985.2,1009.2,1023.8,1250.0
2,2023,SKU003,Sparkling Water 6-pack,Tesco,NL,1035.3,1035.4,1000.4,1250.0
3,2023,SKU003,Sparkling Water 6-pack,Tesco,NL,995.1,969.0,986.8,1250.0
4,2023,SKU003,Sparkling Water 6-pack,Tesco,NL,959.2,996.3,1025.1,1250.0
5,2023,SKU003,Sparkling Water 6-pack,Tesco,NL,942.0,945.9,967.6,1250.0
6,2023,SKU003,Sparkling Water 6-pack,Tesco,NL,1045.2,1048.3,989.9,1250.0
7,2023,SKU003,Sparkling Water 6-pack,Tesco,NL,949.2,1020.3,1015.4,1250.0
8,2023,SKU003,Sparkling Water 6-pack,Tesco,NL,985.0,1097.2,1037.5,1250.0
9,2023,SKU003,Sparkling Water 6-pack,Tesco,NL,1052.2,951.8,969.2,1250.0
10,2023,SKU003,Sparkling Water 6-pack,Tesco,NL,1021.9,1011.7,978.9,1250.0
11,2023,SKU003,Sparkling Water 6-pack,Tesco,NL,1009.3,1048.2,1005.1,1250.0
12,2023,SKU003,Sparkling Water 6-pack,Tesco,NL,1029.5,919.3,952.7,1250.0
13,2023,SKU003,Sparkling Water 6-pack,Tesco,NL,1014.2,984.6,998.6,1250.0
1,2024,SKU003,Sparkling Water 6-pack,Tesco,NL,1166.6,1155.2,1107.9,1300.0
2,2024,SKU003,Sparkling Water 6-pack,Tesco,NL,1190.1,1053.8,1067.6,1300.0
3,2024,SKU003,Sparkling Water 6-pack,Tesco,NL,1183.6,1077.4,1060.0,1300.0
4,2024,SKU003,Sparkling Water 6-pack,Tesco,NL,1209.2,991.9,1033.1,1300.0
5,2024,SKU003,Sparkling Water 6-pack,Tesco,NL,1132.5,1150.2,1122.6,1300.0
6,2024,SKU003,Sparkling Water 6-pack,Tesco,NL,1125.8,1129.9,1122.1,1300.0
7,2024,SKU003,Sparkling Water 6-pack,Tesco,NL,1176.1,1088.6,1127.0,1300.0
8,2024,SKU003,Sparkling Water 6-pack,Tesco,NL,1132.9,1067.0,1089.3,1300.0
9,2024,SKU003,Sparkling Water 6-pack,Tesco,NL,1209.7,1017.5,1049.1,1300.0
10,2024,SKU003,Sparkling Water 6-pack,Tesco,NL,1131.6,1047.7,1071.7,1300.0
11,2024,SKU003,Sparkling Water 6-pack,Tesco,NL,1119.7,1110.0,1118.9,1300.0
12,2024,SKU003,Sparkling Water 6-pack,Tesco,NL,1157.0,1027.6,1032.0,1300.0
13,2024,SKU003,Sparkling Water 6-pack,Tesco,NL,1141.1,1070.7,1091.9,1300.0
1,2025,SKU003,Sparkling Water 6-pack,Tesco,NL,1455.0,1254.5,1293.3,1450.0
2,2025,SKU003,Sparkling Water 6-pack,Tesco,NL,1304.2,1218.5,1192.3,1450.0
3,2025,SKU003,Sparkling Water 6-pack,Tesco,NL,1307.0,1329.2,1283.7,1450.0
4,2025,SKU003,Sparkling Water 6-pack,Tesco,NL,1441.8,1317.4,1243.2,1450.0
5,2025,SKU003,Sparkling Water 6-pack,Tesco,NL,1291.9,1218.5,1227.8,1450.0
6,2025,SKU003,Sparkling Water 6-pack,Tesco,NL,1466.7,1300.3,1249.5,1450.0
7,2025,SKU003,Sparkling Water 6-pack,Tesco,NL,0.0,1305.8,1299.4,1450.0
8,2025,SKU003,Sparkling Water 6-pack,Tesco,NL,0.0,1297.1,1298.4,1450.0
9,2025,SKU003,Sparkling Water 6-pack,Tesco,NL,0.0,1233.5,1250.5,1450.0
10,2025,SKU003,Sparkling Water 6-pack,Tesco,NL,0.0,1184.2,1202.0,1450.0
11,2025,SKU003,Sparkling Water 6-pack,Tesco,NL,0.0,1248.5,1251.1,1450.0
12,2025,SKU003,Sparkling Water 6-pack,Tesco,NL,0.0,1245.9,1231.5,1450.0
13,2025,SKU003,Sparkling Water 6-pack,Tesco,NL,0.0,1293.1,1293.7,1450.0
1,2023,SKU003,Sparkling Water 6-pack,Albert Heijn,NL,829.7,860.0,845.8,1062.5
2,2023,SKU003,Sparkling Water 6-pack,Albert Heijn,NL,845.5,876.8,863.5,1062.5
3,2023,SKU003,Sparkling Water 6-pack,Albert Heijn,NL,828.7,835.1,836.9,1062.5
4,2023,SKU003,Sparkling Water 6-pack,Albert Heijn,NL,801.8,848.1,821.6,1062.5
5,2023,SKU003,Sparkling Water 6-pack,Albert Heijn,NL,836.8,839.1,825.7,1062.5
6,2023,SKU003,Sparkling Water 6-pack,Albert Heijn,NL,880.4,864.8,829.4,1062.5
7,2023,SKU003,Sparkling Water 6-pack,Albert Heijn,NL,900.9,881.4,858.3,1062.5
8,2023,SKU003,Sparkling Water 6-pack,Albert Heijn,NL,796.8,887.2,887.9,1062.5
9,2023,SKU003,Sparkling Water 6-pack,Albert Heijn,NL,900.4,822.8,856.7,1062.5
10,2023,SKU003,Sparkling Water 6-pack,Albert Heijn,NL,795.1,879.4,865.3,1062.5
11,2023,SKU003,Sparkling Water 6-pack,Albert Heijn,NL,793.7,910.1,870.7,1062.5
12,2023,SKU003,Sparkling Water 6-pack,Albert Heijn,NL,849.6,813.7,847.1,1062.5
13,2023,SKU003,Sparkling Water 6-pack,Albert Heijn,NL,884.1,875.6,835.6,1062.5
1,2024,SKU003,Sparkling Water 6-pack,Albert Heijn,NL,985.2,912.0,924.0,1105.0
2,2024,SKU003,Sparkling Water 6-pack,Albert Heijn,NL,955.3,952.3,943.2,1105.0
3,2024,SKU003,Sparkling Water 6-pack,Albert Heijn,NL,1008.1,1014.8,960.7,1105.0
4,2024,SKU003,Sparkling Water 6-pack,Albert Heijn,NL,1052.9,906.6,889.3,1105.0
5,2024,SKU003,Sparkling Water 6-pack,Albert Heijn,NL,1056.1,879.4,906.5,1105.0
6,2024,SKU003,Sparkling Water 6-pack,Albert Heijn,NL,1046.7,931.4,916.3,1105.0
7,2024,SKU003,Sparkling Water 6-pack,Albert Heijn,NL,1070.7,930.1,927.8,1105.0
8,2024,SKU003,Sparkling Water 6-pack,Albert Heijn,NL,984.7,884.8,910.4,1105.0
9,2024,SKU003,Sparkling Water 6-pack,Albert Heijn,NL,1044.4,938.0,949.0,1105.0
10,2024,SKU003,Sparkling Water 6-pack,Albert Heijn,NL,975.4,916.6,952.4,1105.0
11,2024,SKU003,Sparkling Water 6-pack,Albert Heijn,NL,1005.9,941.2,914.7,1105.0
12,2024,SKU003,Sparkling Water 6-pack,Albert Heijn,NL,955.7,931.3,933.5,1105.0
13,2024,SKU003,Sparkling Water 6-pack,Albert Heijn,NL,1019.7,881.2,875.8,1105.0
1,2025,SKU003,Sparkling Water 6-pack,Albert Heijn,NL,1176.7,997.2,1023.9,1232.5
2,2025,SKU003,Sparkling Water 6-pack,Albert Heijn,NL,1121.8,1006.1,1037.6,1232.5
3,2025,SKU003,Sparkling Water 6-pack,Albert Heijn,NL,1246.5,1086.7,1044.0,1232.5
4,2025,SKU003,Sparkling Water 6-pack,Albert Heijn,NL,1250.9,1035.2,1009.8,1232.5
5,2025,SKU003,Sparkling Water 6-pack,Albert Heijn,NL,1234.0,1071.2,1068.1,1232.5
6,2025,SKU003,Sparkling Water 6-pack,Albert Heijn,NL,1161.7,1018.6,1005.1,1232.5
7,2025,SKU003,Sparkling Water 6-pack,Albert Heijn,NL,0.0,1082.5,1102.3,1232.5
8,2025,SKU003,Sparkling Water 6-pack,Albert Heijn,NL,0.0,1059.1,1033.1,1232.5
9,2025,SKU003,Sparkling Water 6-pack,Albert Heijn,NL,0.0,1124.0,1099.9,1232.5
10,2025,SKU003,Sparkling Water 6-pack,Albert Heijn,NL,0.0,1029.5,1007.6,1232.5
11,2025,SKU003,Sparkling Water 6-pack,Albert Heijn,NL,0.0,1085.0,1057.7,1232.5
12,2025,SKU003,Sparkling Water 6-pack,Albert Heijn,NL,0.0,1045.5,1043.2,1232.5
13,2025,SKU003,Sparkling Water 6-pack,Albert Heijn,NL,0.0,1098.5,1103.4,1232.5
1,2023,SKU004,Organic Granola 400g,Carrefour,FR,908.7,1005.8,952.4,1216.0
2,2023,SKU004,Organic Granola 400g,Carrefour,FR,896.0,1025.3,997.5,1216.0
3,2023,SKU004,Organic Granola 400g,Carrefour,FR,993.9,1048.8,1005.9,1216.0
4,2023,SKU004,Organic Granola 400g,Carrefour,FR,1009.0,975.4,940.1,1216.0
5,2023,SKU004,Organic Granola 400g,Carrefour,FR,956.1,1019.9,972.4,1216.0
6,2023,SKU004,Organic Granola 400g,Carrefour,FR,1012.7,988.0,984.9,1216.0
7,2023,SKU004,Organic Granola 400g,Carrefour,FR,944.2,950.4,960.2,1216.0
8,2023,SKU004,Organic Granola 400g,Carrefour,FR,935.6,898.3,937.2,1216.0
9,2023,SKU004,Organic Granola 400g,Carrefour,FR,987.2,1015.3,964.8,1216.0
10,2023,SKU004,Organic Granola 400g,Carrefour,FR,964.9,902.5,933.0,1216.0
11,2023,SKU004,Organic Granola 400g,Carrefour,FR,910.9,979.8,1005.9,1216.0
12,2023,SKU004,Organic Granola 400g,Carrefour,FR,952.1,1060.5,1002.8,1216.0
13,2023,SKU004,Organic Granola 400g,Carrefour,FR,914.9,903.1,934.0,1216.0
1,2024,SKU004,Organic Granola 400g,Carrefour,FR,891.9,957.3,945.4,1178.0
2,2024,SKU004,Organic Granola 400g,Carrefour,FR,1004.9,990.2,971.9,1178.0
3,2024,SKU004,Organic Granola 400g,Carrefour,FR,910.3,1010.1,992.3,1178.0
4,2024,SKU004,Organic Granola 400g,Carrefour,FR,998.4,992.0,1003.8,1178.0
5,2024,SKU004,Organic Granola 400g,Carrefour,FR,895.5,946.1,947.8,1178.0
6,2024,SKU004,Organic Granola 400g,Carrefour,FR,1009.3,993.0,959.6,1178.0
7,2024,SKU004,Organic Granola 400g,Carrefour,FR,955.4,930.5,944.4,1178.0
8,2024,SKU004,Organic Granola 400g,Carrefour,FR,970.4,980.3,982.4,1178.0
9,2024,SKU004,Organic Granola 400g,Carrefour,FR,913.9,955.2,986.2,1178.0
10,2024,SKU004,Organic Granola 400g,Carrefour,FR,1008.1,908.7,944.8,1178.0
11,2024,SKU004,Organic Granola 400g,Carrefour,FR,949.7,976.2,970.5,1178.0
12,2024,SKU004,Organic Granola 400g,Carrefour,FR,941.6,1010.9,1007.4,1178.0
13,2024,SKU004,Organic Granola 400g,Carrefour,FR,947.1,921.8,962.9,1178.0
1,2025,SKU004,Organic Granola 400g,Carrefour,FR,962.4,967.0,947.9,1197.0
2,2025,SKU004,Organic Granola 400g,Carrefour,FR,890.3,1007.9,1006.3,1197.0
3,2025,SKU004,Organic Granola 400g,Carrefour,FR,1002.8,925.2,967.1,1197.0
4,2025,SKU004,Organic Granola 400g,Carrefour,FR,992.9,1015.8,980.5,1197.0
5,2025,SKU004,Organic Granola 400g,Carrefour,FR,940.4,1023.0,979.7,1197.0
6,2025,SKU004,Organic Granola 400g,Carrefour,FR,967.4,979.1,957.2,1197.0
7,2025,SKU004,Organic Granola 400g,Carrefour,FR,0.0,1055.8,1004.7,1197.0
8,2025,SKU004,Organic Granola 400g,Carrefour,FR,0.0,1064.4,993.2,1197.0
9,2025,SKU004,Organic Granola 400g,Carrefour,FR,0.0,1045.8,965.9,1197.0
10,2025,SKU004,Organic Granola 400g,Carrefour,FR,0.0,1044.8,940.4,1197.0
11,2025,SKU004,Organic Granola 400g,Carrefour,FR,0.0,1089.2,988.2,1197.0
12,2025,SKU004,Organic Granola 400g,Carrefour,FR,0.0,1093.1,938.8,1197.0
13,2025,SKU004,Organic Granola 400g,Carrefour,FR,0.0,1050.7,945.6,1197.0
1,2023,SKU004,Organic Granola 400g,Lidl,DE,803.3,869.3,841.0,1024.0
2,2023,SKU004,Organic Granola 400g,Lidl,DE,823.3,786.3,794.8,1024.0
3,2023,SKU004,Organic Granola 400g,Lidl,DE,797.6,777.2,793.0,1024.0
4,2023,SKU004,Organic Granola 400g,Lidl,DE,778.5,800.0,791.7,1024.0
5,2023,SKU004,Organic Granola 400g,Lidl,DE,823.0,790.2,787.9,1024.0
6,2023,SKU004,Organic Granola 400g,Lidl,DE,831.6,865.2,832.2,1024.0
7,2023,SKU004,Organic Granola 400g,Lidl,DE,794.2,817.2,836.9,1024.0
8,2023,SKU004,Organic Granola 400g,Lidl,DE,784.4,796.0,794.9,1024.0
9,2023,SKU004,Organic Granola 400g,Lidl,DE,787.9,825.2,799.1,1024.0
10,2023,SKU004,Organic Granola 400g,Lidl,DE,779.2,772.7,801.2,1024.0
11,2023,SKU004,Organic Granola 400g,Lidl,DE,793.1,795.6,803.1,1024.0
12,2023,SKU004,Organic Granola 400g,Lidl,DE,770.4,876.8,833.2,1024.0
13,2023,SKU004,Organic Granola 400g,Lidl,DE,799.8,862.8,825.3,1024.0
1,2024,SKU004,Organic Granola 400g,Lidl,DE,855.9,862.8,823.4,992.0
2,2024,SKU004,Organic Granola 400g,Lidl,DE,845.8,835.6,835.0,992.0
3,2024,SKU004,Organic Granola 400g,Lidl,DE,753.1,786.4,784.4,992.0
4,2024,SKU004,Organic Granola 400g,Lidl,DE,799.4,820.1,810.0,992.0
5,2024,SKU004,Organic Granola 400g,Lidl,DE,805.8,806.1,838.0,992.0
6,2024,SKU004,Organic Granola 400g,Lidl,DE,769.2,871.2,835.1,992.0
7,2024,SKU004,Organic Granola 400g,Lidl,DE,855.4,880.5,840.3,992.0
8,2024,SKU004,Organic Granola 400g,Lidl,DE,779.2,793.0,809.6,992.0
9,2024,SKU004,Organic Granola 400g,Lidl,DE,811.9,834.4,844.6,992.0
10,2024,SKU004,Organic Granola 400g,Lidl,DE,806.4,777.6,802.7,992.0
11,2024,SKU004,Organic Granola 400g,Lidl,DE,765.9,829.9,787.1,992.0
12,2024,SKU004,Organic Granola 400g,Lidl,DE,789.1,858.7,837.8,992.0
13,2024,SKU004,Organic Granola 400g,Lidl,DE,765.5,826.1,794.8,992.0
1,2025,SKU004,Organic Granola 400g,Lidl,DE,773.6,813.8,843.0,1008.0
2,2025,SKU004,Organic Granola 400g,Lidl,DE,819.9,816.3,836.5,1008.0
3,2025,SKU004,Organic Granola 400g,Lidl,DE,774.9,828.6,846.3,1008.0
4,2025,SKU004,Organic Granola 400g,Lidl,DE,792.2,793.6,811.6,1008.0
5,2025,SKU004,Organic Granola 400g,Lidl,DE,830.9,826.7,833.7,1008.0
6,2025,SKU004,Organic Granola 400g,Lidl,DE,837.5,757.8,797.3,1008.0
7,2025,SKU004,Organic Granola 400g,Lidl,DE,0.0,871.2,848.3,1008.0
8,2025,SKU004,Organic Granola 400g,Lidl,DE,0.0,912.7,817.2,1008.0
9,2025,SKU004,Organic Granola 400g,Lidl,DE,0.0,909.3,809.2,1008.0
10,2025,SKU004,Organic Granola 400g,Lidl,DE,0.0,879.6,795.7,1008.0
11,2025,SKU004,Organic Granola 400g,Lidl,DE,0.0,915.5,814.7,1008.0
12,2025,SKU004,Organic Granola 400g,Lidl,DE,0.0,922.0,828.4,1008.0
13,2025,SKU004,Organic Granola 400g,Lidl,DE,0.0,918.8,809.7,1008.0
1,2023,SKU004,Organic Granola 400g,Tesco,NL,626.9,697.5,675.2,832.0
2,2023,SKU004,Organic Granola 400g,Tesco,NL,613.4,642.8,661.3,832.0
3,2023,SKU004,Organic Granola 400g,Tesco,NL,621.4,649.1,661.1,832.0
4,2023,SKU004,Organic Granola 400g,Tesco,NL,676.9,710.8,684.6,832.0
5,2023,SKU004,Organic Granola 400g,Tesco,NL,628.7,636.7,651.0,832.0
6,2023,SKU004,Organic Granola 400g,Tesco,NL,616.8,682.5,686.5,832.0
7,2023,SKU004,Organic Granola 400g,Tesco,NL,624.9,677.3,681.4,832.0
8,2023,SKU004,Organic Granola 400g,Tesco,NL,607.7,658.2,645.1,832.0
9,2023,SKU004,Organic Granola 400g,Tesco,NL,675.7,680.7,647.7,832.0
10,2023,SKU004,Organic Granola 400g,Tesco,NL,681.9,664.5,681.5,832.0
11,2023,SKU004,Organic Granola 400g,Tesco,NL,609.1,671.3,682.5,832.0
12,2023,SKU004,Organic Granola 400g,Tesco,NL,660.8,652.5,676.8,832.0
13,2023,SKU004,Organic Granola 400g,Tesco,NL,675.6,707.0,686.3,832.0
1,2024,SKU004,Organic Granola 400g,Tesco,NL,644.7,688.5,683.0,806.0
2,2024,SKU004,Organic Granola 400g,Tesco,NL,672.3,702.1,680.0,806.0
3,2024,SKU004,Organic Granola 400g,Tesco,NL,630.7,627.4,642.7,806.0
4,2024,SKU004,Organic Granola 400g,Tesco,NL,650.3,672.6,663.3,806.0
5,2024,SKU004,Organic Granola 400g,Tesco,NL,640.5,712.4,678.2,806.0
6,2024,SKU004,Organic Granola 400g,Tesco,NL,627.0,692.1,675.5,806.0
7,2024,SKU004,Organic Granola 400g,Tesco,NL,652.1,670.7,646.5,806.0
8,2024,SKU004,Organic Granola 400g,Tesco,NL,691.9,709.2,674.8,806.0
9,2024,SKU004,Organic Granola 400g,Tesco,NL,694.1,668.4,655.2,806.0
10,2024,SKU004,Organic Granola 400g,Tesco,NL,647.6,661.5,688.8,806.0
11,2024,SKU004,Organic Granola 400g,Tesco,NL,642.0,670.1,682.9,806.0
12,2024,SKU004,Organic Granola 400g,Tesco,NL,676.2,694.8,656.8,806.0
13,2024,SKU004,Organic Granola 400g,Tesco,NL,684.9,675.2,652.5,806.0
1,2025,SKU004,Organic Granola 400g,Tesco,NL,635.2,683.6,668.6,819.0
2,2025,SKU004,Organic Granola 400g,Tesco,NL,680.0,621.4,637.8,819.0
3,2025,SKU004,Organic Granola 400g,Tesco,NL,669.3,669.4,666.4,819.0
4,2025,SKU004,Organic Granola 400g,Tesco,NL,609.5,684.6,655.0,819.0
5,2025,SKU004,Organic Granola 400g,Tesco,NL,607.3,693.0,657.5,819.0
6,2025,SKU004,Organic Granola 400g,Tesco,NL,609.1,661.6,676.2,819.0
7,2025,SKU004,Organic Granola 400g,Tesco,NL,0.0,744.8,676.1,819.0
8,2025,SKU004,Organic Granola 400g,Tesco,NL,0.0,740.2,664.7,819.0
9,2025,SKU004,Organic Granola 400g,Tesco,NL,0.0,707.3,648.7,819.0
10,2025,SKU004,Organic Granola 400g,Tesco,NL,0.0,733.9,674.1,819.0
11,2025,SKU004,Organic Granola 400g,Tesco,NL,0.0,727.0,664.7,819.0
12,2025,SKU004,Organic Granola 400g,Tesco,NL,0.0,715.0,670.4,819.0
13,2025,SKU004,Organic Granola 400g,Tesco,NL,0.0,721.4,679.5,819.0
1,2023,SKU004,Organic Granola 400g,Albert Heijn,NL,556.1,575.9,544.9,704.0
2,2023,SKU004,Organic Granola 400g,Albert Heijn,NL,581.0,572.1,579.9,704.0
3,2023,SKU004,Organic Granola 400g,Albert Heijn,NL,524.5,526.1,548.1,704.0
4,2023,SKU004,Organic Granola 400g,Albert Heijn,NL,520.7,573.7,541.8,704.0
5,2023,SKU004,Organic Granola 400g,Albert Heijn,NL,517.2,566.8,544.5,704.0
6,2023,SKU004,Organic Granola 400g,Albert Heijn,NL,556.2,584.4,573.3,704.0
7,2023,SKU004,Organic Granola 400g,Albert Heijn,NL,579.4,571.4,567.2,704.0
8,2023,SKU004,Organic Granola 400g,Albert Heijn,NL,566.4,551.9,558.6,704.0
9,2023,SKU004,Organic Granola 400g,Albert Heijn,NL,547.5,566.7,546.2,704.0
10,2023,SKU004,Organic Granola 400g,Albert Heijn,NL,531.6,533.0,545.5,704.0
11,2023,SKU004,Organic Granola 400g,Albert Heijn,NL,576.3,567.5,553.4,704.0
12,2023,SKU004,Organic Granola 400g,Albert Heijn,NL,577.4,560.5,542.0,704.0
13,2023,SKU004,Organic Granola 400g,Albert Heijn,NL,535.2,562.4,548.3,704.0
1,2024,SKU004,Organic Granola 400g,Albert Heijn,NL,581.6,558.7,551.8,682.0
2,2024,SKU004,Organic Granola 400g,Albert Heijn,NL,533.8,573.8,563.4,682.0
3,2024,SKU004,Organic Granola 400g,Albert Heijn,NL,558.5,546.6,566.5,682.0
4,2024,SKU004,Organic Granola 400g,Albert Heijn,NL,564.9,583.1,568.8,682.0
5,2024,SKU004,Organic Granola 400g,Albert Heijn,NL,517.2,555.8,558.6,682.0
6,2024,SKU004,Organic Granola 400g,Albert Heijn,NL,518.2,547.7,548.5,682.0
7,2024,SKU004,Organic Granola 400g,Albert Heijn,NL,568.7,571.9,549.2,682.0
8,2024,SKU004,Organic Granola 400g,Albert Heijn,NL,553.5,573.8,572.7,682.0
9,2024,SKU004,Organic Granola 400g,Albert Heijn,NL,549.9,595.9,566.4,682.0
10,2024,SKU004,Organic Granola 400g,Albert Heijn,NL,549.4,571.4,562.3,682.0
11,2024,SKU004,Organic Granola 400g,Albert Heijn,NL,568.3,545.4,541.8,682.0
12,2024,SKU004,Organic Granola 400g,Albert Heijn,NL,548.6,582.4,579.9,682.0
13,2024,SKU004,Organic Granola 400g,Albert Heijn,NL,547.6,581.4,581.7,682.0
1,2025,SKU004,Organic Granola 400g,Albert Heijn,NL,525.4,526.6,548.3,693.0
2,2025,SKU004,Organic Granola 400g,Albert Heijn,NL,511.5,577.2,557.9,693.0
3,2025,SKU004,Organic Granola 400g,Albert Heijn,NL,568.0,546.9,540.0,693.0
4,2025,SKU004,Organic Granola 400g,Albert Heijn,NL,523.4,562.5,580.8,693.0
5,2025,SKU004,Organic Granola 400g,Albert Heijn,NL,559.8,564.6,553.2,693.0
6,2025,SKU004,Organic Granola 400g,Albert Heijn,NL,543.2,558.6,572.7,693.0
7,2025,SKU004,Organic Granola 400g,Albert Heijn,NL,0.0,625.5,561.0,693.0
8,2025,SKU004,Organic Granola 400g,Albert Heijn,NL,0.0,605.8,583.4,693.0
9,2025,SKU004,Organic Granola 400g,Albert Heijn,NL,0.0,607.2,549.8,693.0
10,2025,SKU004,Organic Granola 400g,Albert Heijn,NL,0.0,634.1,583.1,693.0
11,2025,SKU004,Organic Granola 400g,Albert Heijn,NL,0.0,629.3,567.2,693.0
12,2025,SKU004,Organic Granola 400g,Albert Heijn,NL,0.0,617.1,547.7,693.0
13,2025,SKU004,Organic Granola 400g,Albert Heijn,NL,0.0,613.8,552.2,693.0
1,2023,SKU005,Protein Bar Box (12),Carrefour,FR,1293.2,1012.6,1234.9,1320.0
2,2023,SKU005,Protein Bar Box (12),Carrefour,FR,1278.0,1026.1,1221.5,1320.0
3,2023,SKU005,Protein Bar Box (12),Carrefour,FR,1155.7,1020.9,1187.1,1320.0
4,2023,SKU005,Protein Bar Box (12),Carrefour,FR,1209.1,1059.9,1204.4,1320.0
5,2023,SKU005,Protein Bar Box (12),Carrefour,FR,1201.1,1355.0,1209.8,1320.0
6,2023,SKU005,Protein Bar Box (12),Carrefour,FR,1182.4,1388.4,1217.9,1320.0
7,2023,SKU005,Protein Bar Box (12),Carrefour,FR,1168.0,1377.8,1187.8,1320.0
8,2023,SKU005,Protein Bar Box (12),Carrefour,FR,1128.4,1389.6,1177.6,1320.0
9,2023,SKU005,Protein Bar Box (12),Carrefour,FR,1267.3,1375.5,1196.1,1320.0
10,2023,SKU005,Protein Bar Box (12),Carrefour,FR,1147.8,1377.1,1218.7,1320.0
11,2023,SKU005,Protein Bar Box (12),Carrefour,FR,1210.4,990.7,1165.5,1320.0
12,2023,SKU005,Protein Bar Box (12),Carrefour,FR,1164.7,976.7,1176.7,1320.0
13,2023,SKU005,Protein Bar Box (12),Carrefour,FR,1229.9,1029.9,1183.8,1320.0
1,2024,SKU005,Protein Bar Box (12),Carrefour,FR,1116.5,957.8,1168.0,1320.0
2,2024,SKU005,Protein Bar Box (12),Carrefour,FR,1215.7,979.1,1165.6,1320.0
3,2024,SKU005,Protein Bar Box (12),Carrefour,FR,1267.0,1010.7,1175.2,1320.0
4,2024,SKU005,Protein Bar Box (12),Carrefour,FR,1220.5,1052.5,1196.0,1320.0
5,2024,SKU005,Protein Bar Box (12),Carrefour,FR,1189.0,1309.5,1169.2,1320.0
6,2024,SKU005,Protein Bar Box (12),Carrefour,FR,1258.1,1400.3,1228.3,1320.0
7,2024,SKU005,Protein Bar Box (12),Carrefour,FR,1106.1,1365.2,1176.9,1320.0
8,2024,SKU005,Protein Bar Box (12),Carrefour,FR,1277.5,1420.2,1203.6,1320.0
9,2024,SKU005,Protein Bar Box (12),Carrefour,FR,1132.8,1355.4,1178.6,1320.0
10,2024,SKU005,Protein Bar Box (12),Carrefour,FR,1230.7,1374.3,1216.2,1320.0
11,2024,SKU005,Protein Bar Box (12),Carrefour,FR,1219.1,1047.7,1232.6,1320.0
12,2024,SKU005,Protein Bar Box (12),Carrefour,FR,1198.9,984.0,1185.6,1320.0
13,2024,SKU005,Protein Bar Box (12),Carrefour,FR,1195.6,1035.2,1189.9,1320.0
1,2025,SKU005,Protein Bar Box (12),Carrefour,FR,1147.1,957.2,1167.3,1320.0
2,2025,SKU005,Protein Bar Box (12),Carrefour,FR,1171.6,1020.8,1215.2,1320.0
3,2025,SKU005,Protein Bar Box (12),Carrefour,FR,1107.5,1028.2,1195.6,1320.0
4,2025,SKU005,Protein Bar Box (12),Carrefour,FR,1227.6,1063.0,1207.9,1320.0
5,2025,SKU005,Protein Bar Box (12),Carrefour,FR,1253.1,1369.1,1222.4,1320.0
6,2025,SKU005,Protein Bar Box (12),Carrefour,FR,1240.6,1335.4,1171.4,1320.0
7,2025,SKU005,Protein Bar Box (12),Carrefour,FR,0.0,1410.2,1207.4,1320.0
8,2025,SKU005,Protein Bar Box (12),Carrefour,FR,0.0,1390.0,1180.1,1320.0
9,2025,SKU005,Protein Bar Box (12),Carrefour,FR,0.0,1406.5,1176.7,1320.0
10,2025,SKU005,Protein Bar Box (12),Carrefour,FR,0.0,1414.5,1178.5,1320.0
11,2025,SKU005,Protein Bar Box (12),Carrefour,FR,0.0,1478.4,1230.6,1320.0
12,2025,SKU005,Protein Bar Box (12),Carrefour,FR,0.0,1465.4,1218.9,1320.0
13,2025,SKU005,Protein Bar Box (12),Carrefour,FR,0.0,1458.9,1233.9,1320.0
1,2023,SKU005,Protein Bar Box (12),Lidl,DE,932.5,837.2,1021.0,1100.0
2,2023,SKU005,Protein Bar Box (12),Lidl,DE,1018.2,845.8,1006.9,1100.0
3,2023,SKU005,Protein Bar Box (12),Lidl,DE,986.8,863.7,1004.3,1100.0
4,2023,SKU005,Protein Bar Box (12),Lidl,DE,944.6,892.7,1014.4,1100.0
5,2023,SKU005,Protein Bar Box (12),Lidl,DE,932.0,1135.5,1013.8,1100.0
6,2023,SKU005,Protein Bar Box (12),Lidl,DE,1055.8,1138.1,998.3,1100.0
7,2023,SKU005,Protein Bar Box (12),Lidl,DE,1001.6,1146.9,988.7,1100.0
8,2023,SKU005,Protein Bar Box (12),Lidl,DE,1075.1,1196.5,1014.0,1100.0
9,2023,SKU005,Protein Bar Box (12),Lidl,DE,979.0,1127.6,980.5,1100.0
10,2023,SKU005,Protein Bar Box (12),Lidl,DE,955.1,1127.5,997.8,1100.0
11,2023,SKU005,Protein Bar Box (12),Lidl,DE,1070.8,861.9,1014.0,1100.0
12,2023,SKU005,Protein Bar Box (12),Lidl,DE,954.4,847.9,1021.6,1100.0
13,2023,SKU005,Protein Bar Box (12),Lidl,DE,980.5,888.4,1021.1,1100.0
1,2024,SKU005,Protein Bar Box (12),Lidl,DE,958.7,825.8,1007.1,1100.0
2,2024,SKU005,Protein Bar Box (12),Lidl,DE,1068.3,827.8,985.5,1100.0
3,2024,SKU005,Protein Bar Box (12),Lidl,DE,1030.9,885.1,1029.2,1100.0
4,2024,SKU005,Protein Bar Box (12),Lidl,DE,944.1,858.3,975.3,1100.0
5,2024,SKU005,Protein Bar Box (12),Lidl,DE,1027.9,1109.2,990.4,1100.0
6,2024,SKU005,Protein Bar Box (12),Lidl,DE,931.4,1138.3,998.5,1100.0
7,2024,SKU005,Protein Bar Box (12),Lidl,DE,1040.6,1145.0,987.1,1100.0
8,2024,SKU005,Protein Bar Box (12),Lidl,DE,973.6,1204.4,1020.7,1100.0
9,2024,SKU005,Protein Bar Box (12),Lidl,DE,1003.2,1173.7,1020.6,1100.0
10,2024,SKU005,Protein Bar Box (12),Lidl,DE,991.4,1160.7,1027.2,1100.0
11,2024,SKU005,Protein Bar Box (12),Lidl,DE,1024.1,830.4,977.0,1100.0
12,2024,SKU005,Protein Bar Box (12),Lidl,DE,1061.6,829.5,999.4,1100.0
13,2024,SKU005,Protein Bar Box (12),Lidl,DE,942.7,851.9,979.2,1100.0
1,2025,SKU005,Protein Bar Box (12),Lidl,DE,1030.0,797.7,972.8,1100.0
2,2025,SKU005,Protein Bar Box (12),Lidl,DE,965.9,821.9,978.4,1100.0
3,2025,SKU005,Protein Bar Box (12),Lidl,DE,990.6,855.6,994.9,1100.0
4,2025,SKU005,Protein Bar Box (12),Lidl,DE,1003.5,868.4,986.8,1100.0
5,2025,SKU005,Protein Bar Box (12),Lidl,DE,925.1,1127.7,1006.9,1100.0
6,2025,SKU005,Protein Bar Box (12),Lidl,DE,979.8,1150.4,1009.1,1100.0
7,2025,SKU005,Protein Bar Box (12),Lidl,DE,0.0,1134.0,970.8,1100.0
8,2025,SKU005,Protein Bar Box (12),Lidl,DE,0.0,1187.0,993.6,1100.0
9,2025,SKU005,Protein Bar Box (12),Lidl,DE,0.0,1186.5,1001.8,1100.0
10,2025,SKU005,Protein Bar Box (12),Lidl,DE,0.0,1173.7,1000.9,1100.0
11,2025,SKU005,Protein Bar Box (12),Lidl,DE,0.0,1164.7,976.0,1100.0
12,2025,SKU005,Protein Bar Box (12),Lidl,DE,0.0,1150.8,971.3,1100.0
13,2025,SKU005,Protein Bar Box (12),Lidl,DE,0.0,1178.2,987.1,1100.0
1,2023,SKU005,Protein Bar Box (12),Tesco,NL,816.9,672.9,820.6,880.0
2,2023,SKU005,Protein Bar Box (12),Tesco,NL,861.6,653.5,778.0,880.0
3,2023,SKU005,Protein Bar Box (12),Tesco,NL,793.0,690.0,802.3,880.0
4,2023,SKU005,Protein Bar Box (12),Tesco,NL,754.8,697.0,792.1,880.0
5,2023,SKU005,Protein Bar Box (12),Tesco,NL,862.4,870.0,776.8,880.0
6,2023,SKU005,Protein Bar Box (12),Tesco,NL,793.9,930.7,816.4,880.0
7,2023,SKU005,Protein Bar Box (12),Tesco,NL,777.5,926.8,799.0,880.0
8,2023,SKU005,Protein Bar Box (12),Tesco,NL,861.2,942.6,798.8,880.0
9,2023,SKU005,Protein Bar Box (12),Tesco,NL,752.8,895.3,778.5,880.0
10,2023,SKU005,Protein Bar Box (12),Tesco,NL,857.0,891.3,788.8,880.0
11,2023,SKU005,Protein Bar Box (12),Tesco,NL,800.5,663.3,780.4,880.0
12,2023,SKU005,Protein Bar Box (12),Tesco,NL,790.2,681.1,820.6,880.0
13,2023,SKU005,Protein Bar Box (12),Tesco,NL,800.3,715.7,822.6,880.0
1,2024,SKU005,Protein Bar Box (12),Tesco,NL,769.1,656.2,800.2,880.0
2,2024,SKU005,Protein Bar Box (12),Tesco,NL,846.0,669.9,797.5,880.0
3,2024,SKU005,Protein Bar Box (12),Tesco,NL,771.8,702.7,817.1,880.0
4,2024,SKU005,Protein Bar Box (12),Tesco,NL,785.9,705.3,801.5,880.0
5,2024,SKU005,Protein Bar Box (12),Tesco,NL,861.0,879.2,785.0,880.0
6,2024,SKU005,Protein Bar Box (12),Tesco,NL,774.6,886.3,777.5,880.0
7,2024,SKU005,Protein Bar Box (12),Tesco,NL,786.2,911.3,785.6,880.0
8,2024,SKU005,Protein Bar Box (12),Tesco,NL,823.0,925.9,784.7,880.0
9,2024,SKU005,Protein Bar Box (12),Tesco,NL,822.4,906.9,788.6,880.0
10,2024,SKU005,Protein Bar Box (12),Tesco,NL,781.5,895.8,792.7,880.0
11,2024,SKU005,Protein Bar Box (12),Tesco,NL,827.7,678.6,798.4,880.0
12,2024,SKU005,Protein Bar Box (12),Tesco,NL,782.2,678.0,816.9,880.0
13,2024,SKU005,Protein Bar Box (12),Tesco,NL,809.2,684.1,786.3,880.0
1,2025,SKU005,Protein Bar Box (12),Tesco,NL,851.2,649.8,792.4,880.0
2,2025,SKU005,Protein Bar Box (12),Tesco,NL,741.0,671.7,799.7,880.0
3,2025,SKU005,Protein Bar Box (12),Tesco,NL,751.9,677.2,787.4,880.0
4,2025,SKU005,Protein Bar Box (12),Tesco,NL,831.6,688.4,782.3,880.0
5,2025,SKU005,Protein Bar Box (12),Tesco,NL,839.3,919.5,821.0,880.0
6,2025,SKU005,Protein Bar Box (12),Tesco,NL,813.6,923.5,810.1,880.0
7,2025,SKU005,Protein Bar Box (12),Tesco,NL,0.0,965.8,823.7,880.0
8,2025,SKU005,Protein Bar Box (12),Tesco,NL,0.0,946.3,800.9,880.0
9,2025,SKU005,Protein Bar Box (12),Tesco,NL,0.0,931.9,805.4,880.0
10,2025,SKU005,Protein Bar Box (12),Tesco,NL,0.0,913.5,788.7,880.0
11,2025,SKU005,Protein Bar Box (12),Tesco,NL,0.0,920.8,787.5,880.0
12,2025,SKU005,Protein Bar Box (12),Tesco,NL,0.0,920.1,789.4,880.0
13,2025,SKU005,Protein Bar Box (12),Tesco,NL,0.0,931.5,794.5,880.0
1,2023,SKU005,Protein Bar Box (12),Albert Heijn,NL,680.7,559.9,682.8,770.0
2,2023,SKU005,Protein Bar Box (12),Albert Heijn,NL,646.8,577.5,687.5,770.0
3,2023,SKU005,Protein Bar Box (12),Albert Heijn,NL,728.7,619.7,720.6,770.0
4,2023,SKU005,Protein Bar Box (12),Albert Heijn,NL,748.0,616.2,700.2,770.0
5,2023,SKU005,Protein Bar Box (12),Albert Heijn,NL,703.6,775.3,692.2,770.0
6,2023,SKU005,Protein Bar Box (12),Albert Heijn,NL,730.7,810.7,711.1,770.0
7,2023,SKU005,Protein Bar Box (12),Albert Heijn,NL,738.6,831.3,716.6,770.0
8,2023,SKU005,Protein Bar Box (12),Albert Heijn,NL,692.6,839.2,711.2,770.0
9,2023,SKU005,Protein Bar Box (12),Albert Heijn,NL,734.3,795.8,692.0,770.0
10,2023,SKU005,Protein Bar Box (12),Albert Heijn,NL,748.1,771.8,683.0,770.0
11,2023,SKU005,Protein Bar Box (12),Albert Heijn,NL,755.4,604.6,711.3,770.0
12,2023,SKU005,Protein Bar Box (12),Albert Heijn,NL,654.4,586.5,706.6,770.0
13,2023,SKU005,Protein Bar Box (12),Albert Heijn,NL,647.8,618.8,711.3,770.0
1,2024,SKU005,Protein Bar Box (12),Albert Heijn,NL,733.5,577.5,704.3,770.0
2,2024,SKU005,Protein Bar Box (12),Albert Heijn,NL,740.0,573.8,683.1,770.0
3,2024,SKU005,Protein Bar Box (12),Albert Heijn,NL,674.9,598.9,696.4,770.0
4,2024,SKU005,Protein Bar Box (12),Albert Heijn,NL,648.8,614.1,697.8,770.0
5,2024,SKU005,Protein Bar Box (12),Albert Heijn,NL,673.7,779.0,695.5,770.0
6,2024,SKU005,Protein Bar Box (12),Albert Heijn,NL,691.6,816.1,715.9,770.0
7,2024,SKU005,Protein Bar Box (12),Albert Heijn,NL,674.3,831.1,716.5,770.0
8,2024,SKU005,Protein Bar Box (12),Albert Heijn,NL,691.7,817.5,692.8,770.0
9,2024,SKU005,Protein Bar Box (12),Albert Heijn,NL,700.3,801.0,696.5,770.0
10,2024,SKU005,Protein Bar Box (12),Albert Heijn,NL,672.8,791.1,700.1,770.0
11,2024,SKU005,Protein Bar Box (12),Albert Heijn,NL,661.0,589.7,693.8,770.0
12,2024,SKU005,Protein Bar Box (12),Albert Heijn,NL,707.4,578.0,696.4,770.0
13,2024,SKU005,Protein Bar Box (12),Albert Heijn,NL,736.3,600.1,689.8,770.0
1,2025,SKU005,Protein Bar Box (12),Albert Heijn,NL,752.6,583.8,712.0,770.0
2,2025,SKU005,Protein Bar Box (12),Albert Heijn,NL,752.4,599.9,714.2,770.0
3,2025,SKU005,Protein Bar Box (12),Albert Heijn,NL,659.9,602.9,701.1,770.0
4,2025,SKU005,Protein Bar Box (12),Albert Heijn,NL,663.0,627.8,713.4,770.0
5,2025,SKU005,Protein Bar Box (12),Albert Heijn,NL,709.4,772.9,690.1,770.0
6,2025,SKU005,Protein Bar Box (12),Albert Heijn,NL,748.1,779.5,683.8,770.0
7,2025,SKU005,Protein Bar Box (12),Albert Heijn,NL,0.0,822.2,709.3,770.0
8,2025,SKU005,Protein Bar Box (12),Albert Heijn,NL,0.0,827.1,713.3,770.0
9,2025,SKU005,Protein Bar Box (12),Albert Heijn,NL,0.0,819.4,689.9,770.0
10,2025,SKU005,Protein Bar Box (12),Albert Heijn,NL,0.0,861.1,718.4,770.0
11,2025,SKU005,Protein Bar Box (12),Albert Heijn,NL,0.0,820.1,692.6,770.0
12,2025,SKU005,Protein Bar Box (12),Albert Heijn,NL,0.0,811.9,697.6,770.0
13,2025,SKU005,Protein Bar Box (12),Albert Heijn,NL,0.0,849.3,721.0,770.0
1,2023,SKU006,Cold Brew Coffee 250ml,Carrefour,FR,794.7,792.7,748.4,862.5
2,2023,SKU006,Cold Brew Coffee 250ml,Carrefour,FR,700.5,758.3,715.3,862.5
3,2023,SKU006,Cold Brew Coffee 250ml,Carrefour,FR,803.7,718.4,733.3,862.5
4,2023,SKU006,Cold Brew Coffee 250ml,Carrefour,FR,744.3,710.3,742.5,862.5
5,2023,SKU006,Cold Brew Coffee 250ml,Carrefour,FR,797.8,748.7,727.8,862.5
6,2023,SKU006,Cold Brew Coffee 250ml,Carrefour,FR,698.1,723.7,708.5,862.5
7,2023,SKU006,Cold Brew Coffee 250ml,Carrefour,FR,730.7,720.6,764.0,862.5
8,2023,SKU006,Cold Brew Coffee 250ml,Carrefour,FR,804.0,813.1,772.4,862.5
9,2023,SKU006,Cold Brew Coffee 250ml,Carrefour,FR,706.4,720.3,733.8,862.5
10,2023,SKU006,Cold Brew Coffee 250ml,Carrefour,FR,754.5,686.7,731.7,862.5
11,2023,SKU006,Cold Brew Coffee 250ml,Carrefour,FR,1542.0,1504.2,1528.6,862.5
12,2023,SKU006,Cold Brew Coffee 250ml,Carrefour,FR,713.6,741.5,728.6,862.5
13,2023,SKU006,Cold Brew Coffee 250ml,Carrefour,FR,736.6,739.6,736.1,862.5
1,2024,SKU006,Cold Brew Coffee 250ml,Carrefour,FR,782.6,748.2,739.1,862.5
2,2024,SKU006,Cold Brew Coffee 250ml,Carrefour,FR,805.9,795.1,752.0,862.5
3,2024,SKU006,Cold Brew Coffee 250ml,Carrefour,FR,785.2,703.2,710.3,862.5
4,2024,SKU006,Cold Brew Coffee 250ml,Carrefour,FR,773.8,789.2,793.8,862.5
5,2024,SKU006,Cold Brew Coffee 250ml,Carrefour,FR,701.1,716.1,755.6,862.5
6,2024,SKU006,Cold Brew Coffee 250ml,Carrefour,FR,780.2,774.2,750.7,862.5
7,2024,SKU006,Cold Brew Coffee 250ml,Carrefour,FR,794.3,773.6,761.6,862.5
8,2024,SKU006,Cold Brew Coffee 250ml,Carrefour,FR,780.5,821.1,780.8,862.5
9,2024,SKU006,Cold Brew Coffee 250ml,Carrefour,FR,694.4,725.1,755.1,862.5
10,2024,SKU006,Cold Brew Coffee 250ml,Carrefour,FR,793.2,754.9,763.4,862.5
11,2024,SKU006,Cold Brew Coffee 250ml,Carrefour,FR,1496.4,1588.7,1544.6,862.5
12,2024,SKU006,Cold Brew Coffee 250ml,Carrefour,FR,714.5,752.2,713.4,862.5
13,2024,SKU006,Cold Brew Coffee 250ml,Carrefour,FR,781.7,702.0,723.0,862.5
1,2025,SKU006,Cold Brew Coffee 250ml,Carrefour,FR,806.6,780.6,768.7,862.5
2,2025,SKU006,Cold Brew Coffee 250ml,Carrefour,FR,726.9,684.7,731.9,862.5
3,2025,SKU006,Cold Brew Coffee 250ml,Carrefour,FR,777.4,659.8,708.9,862.5
4,2025,SKU006,Cold Brew Coffee 250ml,Carrefour,FR,777.5,818.8,790.4,862.5
5,2025,SKU006,Cold Brew Coffee 250ml,Carrefour,FR,746.6,742.0,748.7,862.5
6,2025,SKU006,Cold Brew Coffee 250ml,Carrefour,FR,729.0,744.8,752.0,862.5
7,2025,SKU006,Cold Brew Coffee 250ml,Carrefour,FR,0.0,772.3,785.8,862.5
8,2025,SKU006,Cold Brew Coffee 250ml,Carrefour,FR,0.0,735.6,739.6,862.5
9,2025,SKU006,Cold Brew Coffee 250ml,Carrefour,FR,0.0,735.4,730.9,862.5
10,2025,SKU006,Cold Brew Coffee 250ml,Carrefour,FR,0.0,768.9,749.7,862.5
11,2025,SKU006,Cold Brew Coffee 250ml,Carrefour,FR,0.0,969.3,1493.2,862.5
12,2025,SKU006,Cold Brew Coffee 250ml,Carrefour,FR,0.0,771.9,728.6,862.5
13,2025,SKU006,Cold Brew Coffee 250ml,Carrefour,FR,0.0,753.3,722.8,862.5
1,2023,SKU006,Cold Brew Coffee 250ml,Lidl,DE,599.8,595.3,605.8,690.0
2,2023,SKU006,Cold Brew Coffee 250ml,Lidl,DE,631.4,568.2,574.0,690.0
3,2023,SKU006,Cold Brew Coffee 250ml,Lidl,DE,618.2,615.1,626.5,690.0
4,2023,SKU006,Cold Brew Coffee 250ml,Lidl,DE,606.5,542.7,569.0,690.0
5,2023,SKU006,Cold Brew Coffee 250ml,Lidl,DE,558.6,598.1,616.4,690.0
6,2023,SKU006,Cold Brew Coffee 250ml,Lidl,DE,621.5,597.7,568.8,690.0
7,2023,SKU006,Cold Brew Coffee 250ml,Lidl,DE,632.2,532.4,570.4,690.0
8,2023,SKU006,Cold Brew Coffee 250ml,Lidl,DE,557.4,602.3,625.5,690.0
9,2023,SKU006,Cold Brew Coffee 250ml,Lidl,DE,604.6,619.3,594.7,690.0
10,2023,SKU006,Cold Brew Coffee 250ml,Lidl,DE,598.9,641.1,600.0,690.0
11,2023,SKU006,Cold Brew Coffee 250ml,Lidl,DE,566.4,584.7,623.8,690.0
12,2023,SKU006,Cold Brew Coffee 250ml,Lidl,DE,597.9,642.3,627.8,690.0
13,2023,SKU006,Cold Brew Coffee 250ml,Lidl,DE,617.8,576.4,583.0,690.0
1,2024,SKU006,Cold Brew Coffee 250ml,Lidl,DE,587.2,598.3,601.5,690.0
2,2024,SKU006,Cold Brew Coffee 250ml,Lidl,DE,583.4,565.6,586.0,690.0
3,2024,SKU006,Cold Brew Coffee 250ml,Lidl,DE,587.0,604.7,574.8,690.0
4,2024,SKU006,Cold Brew Coffee 250ml,Lidl,DE,609.8,589.2,573.6,690.0
5,2024,SKU006,Cold Brew Coffee 250ml,Lidl,DE,633.4,552.7,581.1,690.0
6,2024,SKU006,Cold Brew Coffee 250ml,Lidl,DE,552.8,588.2,567.4,690.0
7,2024,SKU006,Cold Brew Coffee 250ml,Lidl,DE,646.8,586.9,567.2,690.0
8,2024,SKU006,Cold Brew Coffee 250ml,Lidl,DE,558.9,628.3,606.6,690.0
9,2024,SKU006,Cold Brew Coffee 250ml,Lidl,DE,586.5,572.3,564.8,690.0
10,2024,SKU006,Cold Brew Coffee 250ml,Lidl,DE,647.2,557.2,582.5,690.0
11,2024,SKU006,Cold Brew Coffee 250ml,Lidl,DE,563.9,612.2,604.0,690.0
12,2024,SKU006,Cold Brew Coffee 250ml,Lidl,DE,628.1,652.2,618.2,690.0
13,2024,SKU006,Cold Brew Coffee 250ml,Lidl,DE,629.4,586.4,581.8,690.0
1,2025,SKU006,Cold Brew Coffee 250ml,Lidl,DE,580.6,623.2,587.7,690.0
2,2025,SKU006,Cold Brew Coffee 250ml,Lidl,DE,617.5,626.8,634.2,690.0
3,2025,SKU006,Cold Brew Coffee 250ml,Lidl,DE,603.6,566.2,599.1,690.0
4,2025,SKU006,Cold Brew Coffee 250ml,Lidl,DE,574.7,565.5,602.0,690.0
5,2025,SKU006,Cold Brew Coffee 250ml,Lidl,DE,641.4,548.7,572.9,690.0
6,2025,SKU006,Cold Brew Coffee 250ml,Lidl,DE,625.5,603.0,571.0,690.0
7,2025,SKU006,Cold Brew Coffee 250ml,Lidl,DE,0.0,606.9,568.9,690.0
8,2025,SKU006,Cold Brew Coffee 250ml,Lidl,DE,0.0,611.8,618.5,690.0
9,2025,SKU006,Cold Brew Coffee 250ml,Lidl,DE,0.0,593.6,606.2,690.0
10,2025,SKU006,Cold Brew Coffee 250ml,Lidl,DE,0.0,603.2,632.9,690.0
11,2025,SKU006,Cold Brew Coffee 250ml,Lidl,DE,0.0,609.2,595.5,690.0
12,2025,SKU006,Cold Brew Coffee 250ml,Lidl,DE,0.0,589.3,575.5,690.0
13,2025,SKU006,Cold Brew Coffee 250ml,Lidl,DE,0.0,602.6,598.7,690.0
1,2023,SKU006,Cold Brew Coffee 250ml,Tesco,NL,445.4,480.0,474.5,552.0
2,2023,SKU006,Cold Brew Coffee 250ml,Tesco,NL,486.5,504.2,489.1,552.0
3,2023,SKU006,Cold Brew Coffee 250ml,Tesco,NL,490.9,505.4,496.7,552.0
4,2023,SKU006,Cold Brew Coffee 250ml,Tesco,NL,482.9,459.0,486.1,552.0
5,2023,SKU006,Cold Brew Coffee 250ml,Tesco,NL,462.6,506.7,481.6,552.0
6,2023,SKU006,Cold Brew Coffee 250ml,Tesco,NL,493.8,462.3,456.4,552.0
7,2023,SKU006,Cold Brew Coffee 250ml,Tesco,NL,458.6,516.1,493.5,552.0
8,2023,SKU006,Cold Brew Coffee 250ml,Tesco,NL,487.2,474.3,485.3,552.0
9,2023,SKU006,Cold Brew Coffee 250ml,Tesco,NL,475.9,516.7,501.0,552.0
10,2023,SKU006,Cold Brew Coffee 250ml,Tesco,NL,481.5,442.7,472.4,552.0
11,2023,SKU006,Cold Brew Coffee 250ml,Tesco,NL,452.6,454.1,462.3,552.0
12,2023,SKU006,Cold Brew Coffee 250ml,Tesco,NL,514.1,462.5,480.3,552.0
13,2023,SKU006,Cold Brew Coffee 250ml,Tesco,NL,449.7,491.5,470.7,552.0
1,2024,SKU006,Cold Brew Coffee 250ml,Tesco,NL,471.0,516.7,495.7,552.0
2,2024,SKU006,Cold Brew Coffee 250ml,Tesco,NL,450.1,517.6,486.3,552.0
3,2024,SKU006,Cold Brew Coffee 250ml,Tesco,NL,472.5,481.0,454.1,552.0
4,2024,SKU006,Cold Brew Coffee 250ml,Tesco,NL,509.5,484.8,481.3,552.0
5,2024,SKU006,Cold Brew Coffee 250ml,Tesco,NL,457.9,498.3,498.4,552.0
6,2024,SKU006,Cold Brew Coffee 250ml,Tesco,NL,444.2,521.4,490.5,552.0
7,2024,SKU006,Cold Brew Coffee 250ml,Tesco,NL,505.3,438.0,467.2,552.0
8,2024,SKU006,Cold Brew Coffee 250ml,Tesco,NL,513.8,507.5,505.2,552.0
9,2024,SKU006,Cold Brew Coffee 250ml,Tesco,NL,490.9,472.4,477.8,552.0
10,2024,SKU006,Cold Brew Coffee 250ml,Tesco,NL,450.8,439.7,456.8,552.0
11,2024,SKU006,Cold Brew Coffee 250ml,Tesco,NL,505.9,442.0,459.6,552.0
12,2024,SKU006,Cold Brew Coffee 250ml,Tesco,NL,483.7,441.7,463.6,552.0
13,2024,SKU006,Cold Brew Coffee 250ml,Tesco,NL,484.9,480.7,472.4,552.0
1,2025,SKU006,Cold Brew Coffee 250ml,Tesco,NL,511.7,486.5,459.9,552.0
2,2025,SKU006,Cold Brew Coffee 250ml,Tesco,NL,510.9,508.2,499.0,552.0
3,2025,SKU006,Cold Brew Coffee 250ml,Tesco,NL,489.2,501.0,488.0,552.0
4,2025,SKU006,Cold Brew Coffee 250ml,Tesco,NL,442.9,512.5,506.4,552.0
5,2025,SKU006,Cold Brew Coffee 250ml,Tesco,NL,501.6,440.6,472.9,552.0
6,2025,SKU006,Cold Brew Coffee 250ml,Tesco,NL,480.7,476.2,480.4,552.0
7,2025,SKU006,Cold Brew Coffee 250ml,Tesco,NL,0.0,480.8,465.6,552.0
8,2025,SKU006,Cold Brew Coffee 250ml,Tesco,NL,0.0,470.6,507.1,552.0
9,2025,SKU006,Cold Brew Coffee 250ml,Tesco,NL,0.0,481.2,468.1,552.0
10,2025,SKU006,Cold Brew Coffee 250ml,Tesco,NL,0.0,493.0,488.3,552.0
11,2025,SKU006,Cold Brew Coffee 250ml,Tesco,NL,0.0,466.3,491.1,552.0
12,2025,SKU006,Cold Brew Coffee 250ml,Tesco,NL,0.0,466.5,477.9,552.0
13,2025,SKU006,Cold Brew Coffee 250ml,Tesco,NL,0.0,487.1,490.3,552.0
1,2023,SKU006,Cold Brew Coffee 250ml,Albert Heijn,NL,421.1,419.0,425.2,483.0
2,2023,SKU006,Cold Brew Coffee 250ml,Albert Heijn,NL,389.2,408.5,399.8,483.0
3,2023,SKU006,Cold Brew Coffee 250ml,Albert Heijn,NL,453.3,398.8,395.6,483.0
4,2023,SKU006,Cold Brew Coffee 250ml,Albert Heijn,NL,436.9,439.3,436.5,483.0
5,2023,SKU006,Cold Brew Coffee 250ml,Albert Heijn,NL,428.1,451.5,429.9,483.0
6,2023,SKU006,Cold Brew Coffee 250ml,Albert Heijn,NL,394.6,412.2,441.5,483.0
7,2023,SKU006,Cold Brew Coffee 250ml,Albert Heijn,NL,442.6,381.7,398.7,483.0
8,2023,SKU006,Cold Brew Coffee 250ml,Albert Heijn,NL,386.7,407.5,417.2,483.0
9,2023,SKU006,Cold Brew Coffee 250ml,Albert Heijn,NL,397.6,411.8,417.5,483.0
10,2023,SKU006,Cold Brew Coffee 250ml,Albert Heijn,NL,438.0,449.2,439.8,483.0
11,2023,SKU006,Cold Brew Coffee 250ml,Albert Heijn,NL,394.8,433.4,409.7,483.0
12,2023,SKU006,Cold Brew Coffee 250ml,Albert Heijn,NL,392.4,441.0,415.3,483.0
13,2023,SKU006,Cold Brew Coffee 250ml,Albert Heijn,NL,450.3,425.2,415.5,483.0
1,2024,SKU006,Cold Brew Coffee 250ml,Albert Heijn,NL,417.1,404.4,432.8,483.0
2,2024,SKU006,Cold Brew Coffee 250ml,Albert Heijn,NL,396.1,409.9,425.8,483.0
3,2024,SKU006,Cold Brew Coffee 250ml,Albert Heijn,NL,431.2,434.8,412.5,483.0
4,2024,SKU006,Cold Brew Coffee 250ml,Albert Heijn,NL,441.5,435.6,419.6,483.0
5,2024,SKU006,Cold Brew Coffee 250ml,Albert Heijn,NL,404.6,401.9,419.7,483.0
6,2024,SKU006,Cold Brew Coffee 250ml,Albert Heijn,NL,444.3,460.9,436.3,483.0
7,2024,SKU006,Cold Brew Coffee 250ml,Albert Heijn,NL,445.4,426.3,443.2,483.0
8,2024,SKU006,Cold Brew Coffee 250ml,Albert Heijn,NL,449.0,419.0,423.6,483.0
9,2024,SKU006,Cold Brew Coffee 250ml,Albert Heijn,NL,424.1,399.9,412.1,483.0
10,2024,SKU006,Cold Brew Coffee 250ml,Albert Heijn,NL,402.6,398.8,399.0,483.0
11,2024,SKU006,Cold Brew Coffee 250ml,Albert Heijn,NL,446.1,427.9,426.6,483.0
12,2024,SKU006,Cold Brew Coffee 250ml,Albert Heijn,NL,415.2,401.2,418.2,483.0
13,2024,SKU006,Cold Brew Coffee 250ml,Albert Heijn,NL,441.7,417.1,404.8,483.0
1,2025,SKU006,Cold Brew Coffee 250ml,Albert Heijn,NL,437.5,445.3,423.8,483.0
2,2025,SKU006,Cold Brew Coffee 250ml,Albert Heijn,NL,406.0,453.3,439.2,483.0
3,2025,SKU006,Cold Brew Coffee 250ml,Albert Heijn,NL,440.1,449.1,428.3,483.0
4,2025,SKU006,Cold Brew Coffee 250ml,Albert Heijn,NL,453.1,434.3,416.0,483.0
5,2025,SKU006,Cold Brew Coffee 250ml,Albert Heijn,NL,436.4,442.6,417.6,483.0
6,2025,SKU006,Cold Brew Coffee 250ml,Albert Heijn,NL,412.9,399.9,423.3,483.0
7,2025,SKU006,Cold Brew Coffee 250ml,Albert Heijn,NL,0.0,417.4,437.2,483.0
8,2025,SKU006,Cold Brew Coffee 250ml,Albert Heijn,NL,0.0,419.8,407.2,483.0
9,2025,SKU006,Cold Brew Coffee 250ml,Albert Heijn,NL,0.0,409.2,439.9,483.0
10,2025,SKU006,Cold Brew Coffee 250ml,Albert Heijn,NL,0.0,422.9,418.4,483.0
11,2025,SKU006,Cold Brew Coffee 250ml,Albert Heijn,NL,0.0,419.3,414.9,483.0
12,2025,SKU006,Cold Brew Coffee 250ml,Albert Heijn,NL,0.0,419.3,420.0,483.0
13,2025,SKU006,Cold Brew Coffee 250ml,Albert Heijn,NL,0.0,416.0,432.4,483.0
1,2023,SKU007,Almond Milk 1L,Carrefour,FR,2292.6,2186.6,2277.8,2200.0
2,2023,SKU007,Almond Milk 1L,Carrefour,FR,2225.5,2230.5,2152.8,2200.0
3,2023,SKU007,Almond Milk 1L,Carrefour,FR,2119.5,2177.7,2237.7,2200.0
4,2023,SKU007,Almond Milk 1L,Carrefour,FR,2203.4,2274.7,2298.7,2200.0
5,2023,SKU007,Almond Milk 1L,Carrefour,FR,2315.7,2431.1,2307.1,2200.0
6,2023,SKU007,Almond Milk 1L,Carrefour,FR,2097.1,2143.6,2270.3,2200.0
7,2023,SKU007,Almond Milk 1L,Carrefour,FR,2167.1,2349.0,2281.6,2200.0
8,2023,SKU007,Almond Milk 1L,Carrefour,FR,2210.1,2274.5,2175.3,2200.0
9,2023,SKU007,Almond Milk 1L,Carrefour,FR,2264.5,2315.9,2193.0,2200.0
10,2023,SKU007,Almond Milk 1L,Carrefour,FR,2116.8,2177.6,2127.5,2200.0
11,2023,SKU007,Almond Milk 1L,Carrefour,FR,2345.4,2085.3,2144.4,2200.0
12,2023,SKU007,Almond Milk 1L,Carrefour,FR,2089.0,2209.6,2279.3,2200.0
13,2023,SKU007,Almond Milk 1L,Carrefour,FR,2201.0,2173.2,2308.0,2200.0
1,2024,SKU007,Almond Milk 1L,Carrefour,FR,1840.4,2071.5,1982.4,2266.0
2,2024,SKU007,Almond Milk 1L,Carrefour,FR,1789.0,1887.3,1962.2,2266.0
3,2024,SKU007,Almond Milk 1L,Carrefour,FR,1887.6,1950.4,2036.4,2266.0
4,2024,SKU007,Almond Milk 1L,Carrefour,FR,1798.8,1935.1,2057.8,2266.0
5,2024,SKU007,Almond Milk 1L,Carrefour,FR,1774.6,1957.9,1990.9,2266.0
6,2024,SKU007,Almond Milk 1L,Carrefour,FR,1767.7,1900.3,1972.1,2266.0
7,2024,SKU007,Almond Milk 1L,Carrefour,FR,1833.6,2050.8,2020.9,2266.0
8,2024,SKU007,Almond Milk 1L,Carrefour,FR,1722.0,1971.9,2048.2,2266.0
9,2024,SKU007,Almond Milk 1L,Carrefour,FR,1893.7,2033.9,1952.4,2266.0
10,2024,SKU007,Almond Milk 1L,Carrefour,FR,1750.9,1926.8,1918.0,2266.0
11,2024,SKU007,Almond Milk 1L,Carrefour,FR,1706.6,1991.3,1925.6,2266.0
12,2024,SKU007,Almond Milk 1L,Carrefour,FR,1912.2,2000.7,1897.0,2266.0
13,2024,SKU007,Almond Milk 1L,Carrefour,FR,1902.1,2116.4,2053.2,2266.0
1,2025,SKU007,Almond Milk 1L,Carrefour,FR,1532.5,1808.3,1764.4,2310.0
2,2025,SKU007,Almond Milk 1L,Carrefour,FR,1583.8,1657.7,1689.7,2310.0
3,2025,SKU007,Almond Milk 1L,Carrefour,FR,1406.5,1834.4,1838.3,2310.0
4,2025,SKU007,Almond Milk 1L,Carrefour,FR,1532.7,1945.3,1820.0,2310.0
5,2025,SKU007,Almond Milk 1L,Carrefour,FR,1425.2,1913.1,1812.7,2310.0
6,2025,SKU007,Almond Milk 1L,Carrefour,FR,1401.5,1779.6,1804.7,2310.0
7,2025,SKU007,Almond Milk 1L,Carrefour,FR,0.0,1728.6,1762.5,2310.0
8,2025,SKU007,Almond Milk 1L,Carrefour,FR,0.0,1638.9,1692.6,2310.0
9,2025,SKU007,Almond Milk 1L,Carrefour,FR,0.0,1694.5,1733.8,2310.0
10,2025,SKU007,Almond Milk 1L,Carrefour,FR,0.0,1798.5,1792.9,2310.0
11,2025,SKU007,Almond Milk 1L,Carrefour,FR,0.0,1786.5,1739.8,2310.0
12,2025,SKU007,Almond Milk 1L,Carrefour,FR,0.0,1872.6,1802.2,2310.0
13,2025,SKU007,Almond Milk 1L,Carrefour,FR,0.0,1792.0,1774.0,2310.0
1,2023,SKU007,Almond Milk 1L,Lidl,DE,1763.0,1905.9,1832.3,1800.0
2,2023,SKU007,Almond Milk 1L,Lidl,DE,1925.6,1705.0,1798.6,1800.0
3,2023,SKU007,Almond Milk 1L,Lidl,DE,1824.2,1682.6,1731.4,1800.0
4,2023,SKU007,Almond Milk 1L,Lidl,DE,1756.9,1775.1,1841.6,1800.0
5,2023,SKU007,Almond Milk 1L,Lidl,DE,1715.8,1810.1,1718.1,1800.0
6,2023,SKU007,Almond Milk 1L,Lidl,DE,1848.8,1620.5,1717.2,1800.0
7,2023,SKU007,Almond Milk 1L,Lidl,DE,1814.8,1791.8,1760.9,1800.0
8,2023,SKU007,Almond Milk 1L,Lidl,DE,1783.5,1833.8,1876.2,1800.0
9,2023,SKU007,Almond Milk 1L,Lidl,DE,1845.1,1830.2,1719.7,1800.0
10,2023,SKU007,Almond Milk 1L,Lidl,DE,1921.2,1843.9,1843.0,1800.0
11,2023,SKU007,Almond Milk 1L,Lidl,DE,1729.4,1922.6,1856.3,1800.0
12,2023,SKU007,Almond Milk 1L,Lidl,DE,1729.9,1791.5,1791.2,1800.0
13,2023,SKU007,Almond Milk 1L,Lidl,DE,1882.3,1876.4,1833.1,1800.0
1,2024,SKU007,Almond Milk 1L,Lidl,DE,1525.3,1564.3,1582.8,1854.0
2,2024,SKU007,Almond Milk 1L,Lidl,DE,1399.0,1660.3,1666.5,1854.0
3,2024,SKU007,Almond Milk 1L,Lidl,DE,1481.1,1527.0,1578.7,1854.0
4,2024,SKU007,Almond Milk 1L,Lidl,DE,1512.4,1495.3,1576.7,1854.0
5,2024,SKU007,Almond Milk 1L,Lidl,DE,1550.0,1583.1,1600.0,1854.0
6,2024,SKU007,Almond Milk 1L,Lidl,DE,1479.6,1640.4,1671.0,1854.0
7,2024,SKU007,Almond Milk 1L,Lidl,DE,1548.0,1735.0,1691.2,1854.0
8,2024,SKU007,Almond Milk 1L,Lidl,DE,1479.7,1659.3,1660.1,1854.0
9,2024,SKU007,Almond Milk 1L,Lidl,DE,1476.1,1593.7,1624.1,1854.0
10,2024,SKU007,Almond Milk 1L,Lidl,DE,1411.2,1535.7,1606.2,1854.0
11,2024,SKU007,Almond Milk 1L,Lidl,DE,1475.3,1728.6,1629.2,1854.0
12,2024,SKU007,Almond Milk 1L,Lidl,DE,1397.0,1638.9,1639.7,1854.0
13,2024,SKU007,Almond Milk 1L,Lidl,DE,1393.7,1509.0,1579.4,1854.0
1,2025,SKU007,Almond Milk 1L,Lidl,DE,1175.5,1396.5,1407.5,1890.0
2,2025,SKU007,Almond Milk 1L,Lidl,DE,1229.0,1314.8,1368.1,1890.0
3,2025,SKU007,Almond Milk 1L,Lidl,DE,1154.4,1422.3,1447.2,1890.0
4,2025,SKU007,Almond Milk 1L,Lidl,DE,1232.3,1320.3,1399.9,1890.0
5,2025,SKU007,Almond Milk 1L,Lidl,DE,1299.6,1323.4,1383.6,1890.0
6,2025,SKU007,Almond Milk 1L,Lidl,DE,1163.4,1539.9,1509.3,1890.0
7,2025,SKU007,Almond Milk 1L,Lidl,DE,0.0,1460.4,1510.1,1890.0
8,2025,SKU007,Almond Milk 1L,Lidl,DE,0.0,1411.2,1397.4,1890.0
9,2025,SKU007,Almond Milk 1L,Lidl,DE,0.0,1472.4,1423.3,1890.0
10,2025,SKU007,Almond Milk 1L,Lidl,DE,0.0,1497.0,1511.6,1890.0
11,2025,SKU007,Almond Milk 1L,Lidl,DE,0.0,1454.1,1507.4,1890.0
12,2025,SKU007,Almond Milk 1L,Lidl,DE,0.0,1473.5,1449.8,1890.0
13,2025,SKU007,Almond Milk 1L,Lidl,DE,0.0,1464.9,1444.8,1890.0
1,2023,SKU007,Almond Milk 1L,Tesco,NL,1391.4,1313.5,1351.7,1400.0
2,2023,SKU007,Almond Milk 1L,Tesco,NL,1469.5,1377.7,1334.8,1400.0
3,2023,SKU007,Almond Milk 1L,Tesco,NL,1497.9,1279.0,1331.0,1400.0
4,2023,SKU007,Almond Milk 1L,Tesco,NL,1434.1,1360.7,1338.4,1400.0
5,2023,SKU007,Almond Milk 1L,Tesco,NL,1436.1,1394.6,1412.3,1400.0
6,2023,SKU007,Almond Milk 1L,Tesco,NL,1438.7,1366.6,1413.2,1400.0
7,2023,SKU007,Almond Milk 1L,Tesco,NL,1412.4,1492.3,1453.5,1400.0
8,2023,SKU007,Almond Milk 1L,Tesco,NL,1394.5,1307.9,1375.0,1400.0
9,2023,SKU007,Almond Milk 1L,Tesco,NL,1349.9,1422.5,1331.6,1400.0
10,2023,SKU007,Almond Milk 1L,Tesco,NL,1345.6,1389.1,1444.1,1400.0
11,2023,SKU007,Almond Milk 1L,Tesco,NL,1357.6,1363.8,1388.6,1400.0
12,2023,SKU007,Almond Milk 1L,Tesco,NL,1458.5,1542.9,1464.1,1400.0
13,2023,SKU007,Almond Milk 1L,Tesco,NL,1332.1,1380.0,1438.7,1400.0
1,2024,SKU007,Almond Milk 1L,Tesco,NL,1229.2,1241.8,1262.3,1442.0
2,2024,SKU007,Almond Milk 1L,Tesco,NL,1106.2,1165.2,1198.5,1442.0
3,2024,SKU007,Almond Milk 1L,Tesco,NL,1229.4,1383.2,1297.5,1442.0
4,2024,SKU007,Almond Milk 1L,Tesco,NL,1097.1,1237.8,1271.6,1442.0
5,2024,SKU007,Almond Milk 1L,Tesco,NL,1169.0,1208.8,1237.4,1442.0
6,2024,SKU007,Almond Milk 1L,Tesco,NL,1174.0,1221.3,1220.1,1442.0
7,2024,SKU007,Almond Milk 1L,Tesco,NL,1186.5,1287.2,1213.2,1442.0
8,2024,SKU007,Almond Milk 1L,Tesco,NL,1162.9,1332.8,1300.3,1442.0
9,2024,SKU007,Almond Milk 1L,Tesco,NL,1196.2,1356.4,1287.2,1442.0
10,2024,SKU007,Almond Milk 1L,Tesco,NL,1180.5,1174.1,1232.1,1442.0
11,2024,SKU007,Almond Milk 1L,Tesco,NL,1179.3,1170.9,1205.4,1442.0
12,2024,SKU007,Almond Milk 1L,Tesco,NL,1090.5,1216.6,1266.2,1442.0
13,2024,SKU007,Almond Milk 1L,Tesco,NL,1180.0,1357.3,1296.6,1442.0
1,2025,SKU007,Almond Milk 1L,Tesco,NL,926.6,1140.3,1125.5,1470.0
2,2025,SKU007,Almond Milk 1L,Tesco,NL,948.4,1100.2,1137.4,1470.0
3,2025,SKU007,Almond Milk 1L,Tesco,NL,1015.9,1126.4,1075.0,1470.0
4,2025,SKU007,Almond Milk 1L,Tesco,NL,964.5,1131.7,1091.4,1470.0
5,2025,SKU007,Almond Milk 1L,Tesco,NL,896.6,1169.9,1150.7,1470.0
6,2025,SKU007,Almond Milk 1L,Tesco,NL,900.1,1113.3,1072.9,1470.0
7,2025,SKU007,Almond Milk 1L,Tesco,NL,0.0,1188.0,1163.6,1470.0
8,2025,SKU007,Almond Milk 1L,Tesco,NL,0.0,1113.5,1095.2,1470.0
9,2025,SKU007,Almond Milk 1L,Tesco,NL,0.0,1059.4,1074.3,1470.0
10,2025,SKU007,Almond Milk 1L,Tesco,NL,0.0,1129.5,1108.0,1470.0
11,2025,SKU007,Almond Milk 1L,Tesco,NL,0.0,1111.1,1127.9,1470.0
12,2025,SKU007,Almond Milk 1L,Tesco,NL,0.0,1125.4,1093.9,1470.0
13,2025,SKU007,Almond Milk 1L,Tesco,NL,0.0,1132.0,1106.3,1470.0
1,2023,SKU007,Almond Milk 1L,Albert Heijn,NL,1126.8,1135.3,1170.5,1200.0
2,2023,SKU007,Almond Milk 1L,Albert Heijn,NL,1281.5,1249.6,1224.7,1200.0
3,2023,SKU007,Almond Milk 1L,Albert Heijn,NL,1116.8,1188.4,1162.1,1200.0
4,2023,SKU007,Almond Milk 1L,Albert Heijn,NL,1179.8,1300.2,1250.9,1200.0
5,2023,SKU007,Almond Milk 1L,Albert Heijn,NL,1191.2,1312.1,1229.9,1200.0
6,2023,SKU007,Almond Milk 1L,Albert Heijn,NL,1193.4,1289.4,1217.1,1200.0
7,2023,SKU007,Almond Milk 1L,Albert Heijn,NL,1157.8,1187.4,1246.4,1200.0
8,2023,SKU007,Almond Milk 1L,Albert Heijn,NL,1224.9,1258.5,1233.9,1200.0
9,2023,SKU007,Almond Milk 1L,Albert Heijn,NL,1199.2,1165.2,1214.1,1200.0
10,2023,SKU007,Almond Milk 1L,Albert Heijn,NL,1152.2,1193.2,1172.4,1200.0
11,2023,SKU007,Almond Milk 1L,Albert Heijn,NL,1190.2,1233.3,1169.3,1200.0
12,2023,SKU007,Almond Milk 1L,Albert Heijn,NL,1178.8,1185.5,1193.5,1200.0
13,2023,SKU007,Almond Milk 1L,Albert Heijn,NL,1146.6,1225.7,1227.8,1200.0
1,2024,SKU007,Almond Milk 1L,Albert Heijn,NL,928.5,1182.1,1130.1,1236.0
2,2024,SKU007,Almond Milk 1L,Albert Heijn,NL,1027.2,1184.7,1119.9,1236.0
3,2024,SKU007,Almond Milk 1L,Albert Heijn,NL,973.3,1112.9,1092.0,1236.0
4,2024,SKU007,Almond Milk 1L,Albert Heijn,NL,963.6,1002.5,1050.0,1236.0
5,2024,SKU007,Almond Milk 1L,Albert Heijn,NL,1018.2,1153.5,1110.3,1236.0
6,2024,SKU007,Almond Milk 1L,Albert Heijn,NL,970.4,1047.1,1048.2,1236.0
7,2024,SKU007,Almond Milk 1L,Albert Heijn,NL,1002.5,1185.8,1125.3,1236.0
8,2024,SKU007,Almond Milk 1L,Albert Heijn,NL,1054.0,1190.9,1117.8,1236.0
9,2024,SKU007,Almond Milk 1L,Albert Heijn,NL,991.2,980.4,1031.1,1236.0
10,2024,SKU007,Almond Milk 1L,Albert Heijn,NL,980.7,1013.9,1053.8,1236.0
11,2024,SKU007,Almond Milk 1L,Albert Heijn,NL,1059.2,1114.9,1047.1,1236.0
12,2024,SKU007,Almond Milk 1L,Albert Heijn,NL,1032.4,1125.7,1095.2,1236.0
13,2024,SKU007,Almond Milk 1L,Albert Heijn,NL,972.5,1056.6,1095.8,1236.0
1,2025,SKU007,Almond Milk 1L,Albert Heijn,NL,866.0,915.8,941.0,1260.0
2,2025,SKU007,Almond Milk 1L,Albert Heijn,NL,840.1,973.7,975.0,1260.0
3,2025,SKU007,Almond Milk 1L,Albert Heijn,NL,831.1,952.8,927.3,1260.0
4,2025,SKU007,Almond Milk 1L,Albert Heijn,NL,789.8,901.7,938.2,1260.0
5,2025,SKU007,Almond Milk 1L,Albert Heijn,NL,796.9,942.9,943.8,1260.0
6,2025,SKU007,Almond Milk 1L,Albert Heijn,NL,780.6,940.2,930.5,1260.0
7,2025,SKU007,Almond Milk 1L,Albert Heijn,NL,0.0,1012.8,978.1,1260.0
8,2025,SKU007,Almond Milk 1L,Albert Heijn,NL,0.0,966.4,998.5,1260.0
9,2025,SKU007,Almond Milk 1L,Albert Heijn,NL,0.0,1001.8,981.3,1260.0
10,2025,SKU007,Almond Milk 1L,Albert Heijn,NL,0.0,937.8,917.5,1260.0
11,2025,SKU007,Almond Milk 1L,Albert Heijn,NL,0.0,916.5,941.1,1260.0
12,2025,SKU007,Almond Milk 1L,Albert Heijn,NL,0.0,942.1,918.1,1260.0
13,2025,SKU007,Almond Milk 1L,Albert Heijn,NL,0.0,999.2,982.6,1260.0
1,2023,SKU008,Mixed Nuts 200g,Carrefour,FR,1238.2,905.0,983.6,1155.0
2,2023,SKU008,Mixed Nuts 200g,Carrefour,FR,1101.7,957.9,1019.3,1155.0
3,2023,SKU008,Mixed Nuts 200g,Carrefour,FR,885.2,944.9,1014.7,1155.0
4,2023,SKU008,Mixed Nuts 200g,Carrefour,FR,817.4,1103.2,1137.4,1155.0
5,2023,SKU008,Mixed Nuts 200g,Carrefour,FR,1303.2,1081.9,1147.5,1155.0
6,2023,SKU008,Mixed Nuts 200g,Carrefour,FR,1162.8,1103.9,1071.2,1155.0
7,2023,SKU008,Mixed Nuts 200g,Carrefour,FR,838.0,917.9,984.6,1155.0
8,2023,SKU008,Mixed Nuts 200g,Carrefour,FR,1104.7,1183.9,1152.2,1155.0
9,2023,SKU008,Mixed Nuts 200g,Carrefour,FR,1160.6,1184.6,1151.8,1155.0
10,2023,SKU008,Mixed Nuts 200g,Carrefour,FR,808.6,1102.7,1127.1,1155.0
11,2023,SKU008,Mixed Nuts 200g,Carrefour,FR,789.8,1125.0,1051.5,1155.0
12,2023,SKU008,Mixed Nuts 200g,Carrefour,FR,922.6,993.5,1048.2,1155.0
13,2023,SKU008,Mixed Nuts 200g,Carrefour,FR,817.8,996.8,961.9,1155.0
1,2024,SKU008,Mixed Nuts 200g,Carrefour,FR,1241.1,942.1,975.1,1155.0
2,2024,SKU008,Mixed Nuts 200g,Carrefour,FR,889.9,958.7,950.6,1155.0
3,2024,SKU008,Mixed Nuts 200g,Carrefour,FR,1155.0,1061.7,1081.1,1155.0
4,2024,SKU008,Mixed Nuts 200g,Carrefour,FR,1078.9,911.4,964.8,1155.0
5,2024,SKU008,Mixed Nuts 200g,Carrefour,FR,1276.7,1179.6,1104.9,1155.0
6,2024,SKU008,Mixed Nuts 200g,Carrefour,FR,1268.8,1155.5,1081.4,1155.0
7,2024,SKU008,Mixed Nuts 200g,Carrefour,FR,1006.3,879.6,945.8,1155.0
8,2024,SKU008,Mixed Nuts 200g,Carrefour,FR,845.0,942.1,965.0,1155.0
9,2024,SKU008,Mixed Nuts 200g,Carrefour,FR,1155.7,1127.0,1111.0,1155.0
10,2024,SKU008,Mixed Nuts 200g,Carrefour,FR,864.4,1076.5,1102.1,1155.0
11,2024,SKU008,Mixed Nuts 200g,Carrefour,FR,794.3,976.7,1003.9,1155.0
12,2024,SKU008,Mixed Nuts 200g,Carrefour,FR,931.5,1161.9,1115.5,1155.0
13,2024,SKU008,Mixed Nuts 200g,Carrefour,FR,1152.7,1022.2,974.2,1155.0
1,2025,SKU008,Mixed Nuts 200g,Carrefour,FR,1143.0,1009.3,985.9,1155.0
2,2025,SKU008,Mixed Nuts 200g,Carrefour,FR,1041.3,972.9,1037.3,1155.0
3,2025,SKU008,Mixed Nuts 200g,Carrefour,FR,1059.6,914.1,966.0,1155.0
4,2025,SKU008,Mixed Nuts 200g,Carrefour,FR,857.1,1106.0,1145.4,1155.0
5,2025,SKU008,Mixed Nuts 200g,Carrefour,FR,974.0,1077.1,1012.6,1155.0
6,2025,SKU008,Mixed Nuts 200g,Carrefour,FR,1083.1,1101.6,1138.0,1155.0
7,2025,SKU008,Mixed Nuts 200g,Carrefour,FR,0.0,977.8,969.1,1155.0
8,2025,SKU008,Mixed Nuts 200g,Carrefour,FR,0.0,1066.8,1017.6,1155.0
9,2025,SKU008,Mixed Nuts 200g,Carrefour,FR,0.0,1124.7,1129.7,1155.0
10,2025,SKU008,Mixed Nuts 200g,Carrefour,FR,0.0,1158.7,1149.0,1155.0
11,2025,SKU008,Mixed Nuts 200g,Carrefour,FR,0.0,1000.1,1001.9,1155.0
12,2025,SKU008,Mixed Nuts 200g,Carrefour,FR,0.0,999.1,952.8,1155.0
13,2025,SKU008,Mixed Nuts 200g,Carrefour,FR,0.0,936.7,966.3,1155.0
1,2023,SKU008,Mixed Nuts 200g,Lidl,DE,908.7,745.8,799.6,968.0
2,2023,SKU008,Mixed Nuts 200g,Lidl,DE,966.3,801.6,804.6,968.0
3,2023,SKU008,Mixed Nuts 200g,Lidl,DE,809.0,790.7,832.1,968.0
4,2023,SKU008,Mixed Nuts 200g,Lidl,DE,995.9,904.3,959.5,968.0
5,2023,SKU008,Mixed Nuts 200g,Lidl,DE,1082.3,917.0,896.7,968.0
6,2023,SKU008,Mixed Nuts 200g,Lidl,DE,972.4,962.8,915.9,968.0
7,2023,SKU008,Mixed Nuts 200g,Lidl,DE,872.7,860.9,885.9,968.0
8,2023,SKU008,Mixed Nuts 200g,Lidl,DE,706.3,841.2,909.0,968.0
9,2023,SKU008,Mixed Nuts 200g,Lidl,DE,781.3,768.6,808.6,968.0
10,2023,SKU008,Mixed Nuts 200g,Lidl,DE,941.0,891.2,902.6,968.0
11,2023,SKU008,Mixed Nuts 200g,Lidl,DE,699.7,847.8,868.3,968.0
12,2023,SKU008,Mixed Nuts 200g,Lidl,DE,977.0,892.7,893.9,968.0
13,2023,SKU008,Mixed Nuts 200g,Lidl,DE,874.3,1001.6,962.1,968.0
1,2024,SKU008,Mixed Nuts 200g,Lidl,DE,878.7,809.9,876.3,968.0
2,2024,SKU008,Mixed Nuts 200g,Lidl,DE,1074.7,815.1,848.2,968.0
3,2024,SKU008,Mixed Nuts 200g,Lidl,DE,1099.7,852.0,918.5,968.0
4,2024,SKU008,Mixed Nuts 200g,Lidl,DE,687.2,809.2,796.5,968.0
5,2024,SKU008,Mixed Nuts 200g,Lidl,DE,691.5,1023.2,956.3,968.0
6,2024,SKU008,Mixed Nuts 200g,Lidl,DE,900.3,870.5,900.5,968.0
7,2024,SKU008,Mixed Nuts 200g,Lidl,DE,688.1,863.1,921.8,968.0
8,2024,SKU008,Mixed Nuts 200g,Lidl,DE,697.6,780.7,846.8,968.0
9,2024,SKU008,Mixed Nuts 200g,Lidl,DE,851.0,960.8,916.6,968.0
10,2024,SKU008,Mixed Nuts 200g,Lidl,DE,925.9,926.9,941.0,968.0
11,2024,SKU008,Mixed Nuts 200g,Lidl,DE,1033.5,842.1,881.1,968.0
12,2024,SKU008,Mixed Nuts 200g,Lidl,DE,1075.4,776.7,840.4,968.0
13,2024,SKU008,Mixed Nuts 200g,Lidl,DE,766.8,836.1,856.5,968.0
1,2025,SKU008,Mixed Nuts 200g,Lidl,DE,890.9,915.9,947.4,968.0
2,2025,SKU008,Mixed Nuts 200g,Lidl,DE,889.1,895.8,851.9,968.0
3,2025,SKU008,Mixed Nuts 200g,Lidl,DE,729.3,810.6,810.2,968.0
4,2025,SKU008,Mixed Nuts 200g,Lidl,DE,955.6,945.4,932.0,968.0
5,2025,SKU008,Mixed Nuts 200g,Lidl,DE,1000.5,796.7,861.1,968.0
6,2025,SKU008,Mixed Nuts 200g,Lidl,DE,711.1,776.9,798.8,968.0
7,2025,SKU008,Mixed Nuts 200g,Lidl,DE,0.0,859.0,879.2,968.0
8,2025,SKU008,Mixed Nuts 200g,Lidl,DE,0.0,887.9,890.7,968.0
9,2025,SKU008,Mixed Nuts 200g,Lidl,DE,0.0,935.6,911.3,968.0
10,2025,SKU008,Mixed Nuts 200g,Lidl,DE,0.0,827.1,848.0,968.0
11,2025,SKU008,Mixed Nuts 200g,Lidl,DE,0.0,908.8,895.0,968.0
12,2025,SKU008,Mixed Nuts 200g,Lidl,DE,0.0,824.4,847.4,968.0
13,2025,SKU008,Mixed Nuts 200g,Lidl,DE,0.0,935.8,914.2,968.0
1,2023,SKU008,Mixed Nuts 200g,Tesco,NL,588.6,756.2,711.5,792.0
2,2023,SKU008,Mixed Nuts 200g,Tesco,NL,553.1,729.5,771.1,792.0
3,2023,SKU008,Mixed Nuts 200g,Tesco,NL,722.6,653.5,709.1,792.0
4,2023,SKU008,Mixed Nuts 200g,Tesco,NL,869.5,765.4,713.5,792.0
5,2023,SKU008,Mixed Nuts 200g,Tesco,NL,643.2,824.9,772.7,792.0
6,2023,SKU008,Mixed Nuts 200g,Tesco,NL,740.5,697.3,677.2,792.0
7,2023,SKU008,Mixed Nuts 200g,Tesco,NL,737.6,776.4,784.0,792.0
8,2023,SKU008,Mixed Nuts 200g,Tesco,NL,636.7,689.1,667.9,792.0
9,2023,SKU008,Mixed Nuts 200g,Tesco,NL,890.7,677.2,652.1,792.0
10,2023,SKU008,Mixed Nuts 200g,Tesco,NL,873.7,617.7,658.8,792.0
11,2023,SKU008,Mixed Nuts 200g,Tesco,NL,789.1,690.2,741.3,792.0
12,2023,SKU008,Mixed Nuts 200g,Tesco,NL,840.4,770.5,723.4,792.0
13,2023,SKU008,Mixed Nuts 200g,Tesco,NL,856.1,766.9,765.0,792.0
1,2024,SKU008,Mixed Nuts 200g,Tesco,NL,630.6,674.9,720.9,792.0
2,2024,SKU008,Mixed Nuts 200g,Tesco,NL,777.2,668.5,667.3,792.0
3,2024,SKU008,Mixed Nuts 200g,Tesco,NL,559.6,661.5,691.1,792.0
4,2024,SKU008,Mixed Nuts 200g,Tesco,NL,763.2,707.4,761.3,792.0
5,2024,SKU008,Mixed Nuts 200g,Tesco,NL,846.1,752.5,772.0,792.0
6,2024,SKU008,Mixed Nuts 200g,Tesco,NL,777.2,666.9,706.0,792.0
7,2024,SKU008,Mixed Nuts 200g,Tesco,NL,730.3,700.4,660.4,792.0
8,2024,SKU008,Mixed Nuts 200g,Tesco,NL,872.7,774.0,766.3,792.0
9,2024,SKU008,Mixed Nuts 200g,Tesco,NL,740.7,757.9,789.8,792.0
10,2024,SKU008,Mixed Nuts 200g,Tesco,NL,567.3,708.9,728.9,792.0
11,2024,SKU008,Mixed Nuts 200g,Tesco,NL,656.0,659.0,649.0,792.0
12,2024,SKU008,Mixed Nuts 200g,Tesco,NL,635.1,625.5,675.1,792.0
13,2024,SKU008,Mixed Nuts 200g,Tesco,NL,671.2,754.4,774.6,792.0
1,2025,SKU008,Mixed Nuts 200g,Tesco,NL,784.5,736.1,756.9,792.0
2,2025,SKU008,Mixed Nuts 200g,Tesco,NL,835.8,754.7,747.6,792.0
3,2025,SKU008,Mixed Nuts 200g,Tesco,NL,540.4,704.4,653.1,792.0
4,2025,SKU008,Mixed Nuts 200g,Tesco,NL,821.6,833.4,783.0,792.0
5,2025,SKU008,Mixed Nuts 200g,Tesco,NL,547.4,756.0,762.0,792.0
6,2025,SKU008,Mixed Nuts 200g,Tesco,NL,824.2,627.0,649.0,792.0
7,2025,SKU008,Mixed Nuts 200g,Tesco,NL,0.0,791.7,756.2,792.0
8,2025,SKU008,Mixed Nuts 200g,Tesco,NL,0.0,713.8,737.2,792.0
9,2025,SKU008,Mixed Nuts 200g,Tesco,NL,0.0,744.4,692.7,792.0
10,2025,SKU008,Mixed Nuts 200g,Tesco,NL,0.0,705.2,711.2,792.0
11,2025,SKU008,Mixed Nuts 200g,Tesco,NL,0.0,717.0,727.5,792.0
12,2025,SKU008,Mixed Nuts 200g,Tesco,NL,0.0,719.7,727.6,792.0
13,2025,SKU008,Mixed Nuts 200g,Tesco,NL,0.0,817.2,767.0,792.0
1,2023,SKU008,Mixed Nuts 200g,Albert Heijn,NL,741.8,612.1,617.8,671.0
2,2023,SKU008,Mixed Nuts 200g,Albert Heijn,NL,672.6,657.9,651.3,671.0
3,2023,SKU008,Mixed Nuts 200g,Albert Heijn,NL,671.0,658.6,640.5,671.0
4,2023,SKU008,Mixed Nuts 200g,Albert Heijn,NL,685.1,574.4,574.5,671.0
5,2023,SKU008,Mixed Nuts 200g,Albert Heijn,NL,636.9,580.6,549.3,671.0
6,2023,SKU008,Mixed Nuts 200g,Albert Heijn,NL,643.6,593.4,564.8,671.0
7,2023,SKU008,Mixed Nuts 200g,Albert Heijn,NL,676.2,630.4,641.5,671.0
8,2023,SKU008,Mixed Nuts 200g,Albert Heijn,NL,718.0,606.3,599.5,671.0
9,2023,SKU008,Mixed Nuts 200g,Albert Heijn,NL,457.7,649.6,627.7,671.0
10,2023,SKU008,Mixed Nuts 200g,Albert Heijn,NL,630.5,639.8,609.6,671.0
11,2023,SKU008,Mixed Nuts 200g,Albert Heijn,NL,665.3,625.7,582.9,671.0
12,2023,SKU008,Mixed Nuts 200g,Albert Heijn,NL,673.2,720.0,669.5,671.0
13,2023,SKU008,Mixed Nuts 200g,Albert Heijn,NL,737.8,652.4,641.2,671.0
1,2024,SKU008,Mixed Nuts 200g,Albert Heijn,NL,510.0,641.4,615.3,671.0
2,2024,SKU008,Mixed Nuts 200g,Albert Heijn,NL,616.4,614.0,654.9,671.0
3,2024,SKU008,Mixed Nuts 200g,Albert Heijn,NL,573.7,604.1,610.7,671.0
4,2024,SKU008,Mixed Nuts 200g,Albert Heijn,NL,490.6,598.4,567.7,671.0
5,2024,SKU008,Mixed Nuts 200g,Albert Heijn,NL,605.2,512.0,554.9,671.0
6,2024,SKU008,Mixed Nuts 200g,Albert Heijn,NL,601.9,587.8,569.1,671.0
7,2024,SKU008,Mixed Nuts 200g,Albert Heijn,NL,700.1,585.4,576.9,671.0
8,2024,SKU008,Mixed Nuts 200g,Albert Heijn,NL,504.6,622.5,586.0,671.0
9,2024,SKU008,Mixed Nuts 200g,Albert Heijn,NL,623.4,628.2,657.1,671.0
10,2024,SKU008,Mixed Nuts 200g,Albert Heijn,NL,558.2,604.6,606.5,671.0
11,2024,SKU008,Mixed Nuts 200g,Albert Heijn,NL,761.8,594.7,563.0,671.0
12,2024,SKU008,Mixed Nuts 200g,Albert Heijn,NL,720.9,601.1,616.5,671.0
13,2024,SKU008,Mixed Nuts 200g,Albert Heijn,NL,615.9,612.7,584.7,671.0
1,2025,SKU008,Mixed Nuts 200g,Albert Heijn,NL,609.5,675.0,662.0,671.0
2,2025,SKU008,Mixed Nuts 200g,Albert Heijn,NL,614.4,636.2,635.8,671.0
3,2025,SKU008,Mixed Nuts 200g,Albert Heijn,NL,733.4,614.8,571.5,671.0
4,2025,SKU008,Mixed Nuts 200g,Albert Heijn,NL,705.2,652.2,654.0,671.0
5,2025,SKU008,Mixed Nuts 200g,Albert Heijn,NL,712.8,611.0,586.4,671.0
6,2025,SKU008,Mixed Nuts 200g,Albert Heijn,NL,500.3,581.4,586.5,671.0
7,2025,SKU008,Mixed Nuts 200g,Albert Heijn,NL,0.0,577.7,588.3,671.0
8,2025,SKU008,Mixed Nuts 200g,Albert Heijn,NL,0.0,623.8,649.1,671.0
9,2025,SKU008,Mixed Nuts 200g,Albert Heijn,NL,0.0,596.3,639.9,671.0
10,2025,SKU008,Mixed Nuts 200g,Albert Heijn,NL,0.0,672.4,642.4,671.0
11,2025,SKU008,Mixed Nuts 200g,Albert Heijn,NL,0.0,619.3,598.0,671.0
12,2025,SKU008,Mixed Nuts 200g,Albert Heijn,NL,0.0,692.4,660.6,671.0
13,2025,SKU008,Mixed Nuts 200g,Albert Heijn,NL,0.0,595.1,596.6,671.0
